[[{"__type__":"cc.Prefab","_name":"ErrorPanel","data":{"__id__":1}},{"__type__":"cc.Node","_name":"ErrorPanel","_children":[{"__id__":2},{"__id__":3},{"__id__":5},{"__id__":7},{"__id__":12}],"_level":1,"_components":[{"__type__":"cc.Mask","node":{"__id__":1},"_materials":[{"__uuid__":"ecpdLyjvZBwrvm+cedCcQy"}]},{"__type__":"cc.BlockInputEvents","node":{"__id__":1}},{"__type__":"78373xfPadEJ5IFn4sizh3z","node":{"__id__":1},"biaoTi":{"__id__":6},"shuoMing":{"__id__":9},"tiShi":{"__id__":11},"btnLab":{"__id__":14},"btn":{"__id__":15}}],"_prefab":{"__type__":"cc.PrefabInfo","root":{"__id__":1},"asset":{"__uuid__":"011+ZKlcNFwpW/BEDI0Vp2"},"fileId":"81Q59LVBVK1av7gzxxhGv+"},"_contentSize":{"__type__":"cc.Size","width":1994,"height":960}},{"__type__":"cc.Node","_name":"bg","_parent":{"__id__":1},"_level":2,"_components":[{"__type__":"cc.Sprite","node":{"__id__":2},"_materials":[{"__uuid__":"ecpdLyjvZBwrvm+cedCcQy"}],"_spriteFrame":{"__uuid__":"76OlHWMbZC75J0XVSi3dgZ"},"_type":1,"_sizeMode":0}],"_prefab":{"__type__":"cc.PrefabInfo","root":{"__id__":1},"asset":{"__uuid__":"011+ZKlcNFwpW/BEDI0Vp2"},"fileId":"149WdDYz1IybrSKPn48wuG"},"_opacity":127,"_color":{"__type__":"cc.Color"},"_contentSize":{"__type__":"cc.Size","width":1984,"height":1116}},{"__type__":"cc.Node","_name":"New Node","_parent":{"__id__":1},"_children":[{"__id__":4}],"_level":2,"_components":[{"__type__":"cc.Sprite","node":{"__id__":3},"_materials":[{"__uuid__":"ecpdLyjvZBwrvm+cedCcQy"}],"_spriteFrame":{"__uuid__":"9b4np7sSJMHLOBZs4Yo7cD"},"_type":1,"_sizeMode":0}],"_prefab":{"__type__":"cc.PrefabInfo","root":{"__id__":1},"asset":{"__uuid__":"011+ZKlcNFwpW/BEDI0Vp2"},"fileId":"28FT/4gUtH+5wUekmM21Zh"},"_contentSize":{"__type__":"cc.Size","width":780,"height":540}},{"__type__":"cc.Node","_name":"New Node","_parent":{"__id__":3},"_level":4,"_components":[{"__type__":"cc.Sprite","node":{"__id__":4},"_materials":[{"__uuid__":"ecpdLyjvZBwrvm+cedCcQy"}],"_spriteFrame":{"__uuid__":"71lEdSTSBOK7cdRfh05sbX"}}],"_prefab":{"__type__":"cc.PrefabInfo","root":{"__id__":1},"asset":{"__uuid__":"011+ZKlcNFwpW/BEDI0Vp2"},"fileId":"04n7rX1xpEybsOf2J3Kb3N"},"_contentSize":{"__type__":"cc.Size","width":220,"height":198},"_position":{"__type__":"cc.Vec3","y":282}},{"__type__":"cc.Node","_name":"biaoTi","_parent":{"__id__":1},"_level":2,"_components":[{"__id__":6}],"_prefab":{"__type__":"cc.PrefabInfo","root":{"__id__":1},"asset":{"__uuid__":"011+ZKlcNFwpW/BEDI0Vp2"},"fileId":"51VZEC1GFJJ6/OtAppFwX9"},"_color":{"__type__":"cc.Color","r":31,"g":31,"b":31},"_contentSize":{"__type__":"cc.Size","width":336,"height":73.08},"_position":{"__type__":"cc.Vec3","y":128}},{"__type__":"cc.Label","node":{"__id__":5},"_materials":[{"__uuid__":"ecpdLyjvZBwrvm+cedCcQy"}],"_string":"当前出现异常！","_N$string":"当前出现异常！","_fontSize":48,"_lineHeight":58,"_N$horizontalAlign":1,"_N$verticalAlign":1},{"__type__":"cc.Node","_name":"LabNode","_parent":{"__id__":1},"_children":[{"__id__":8},{"__id__":10}],"_level":2,"_components":[{"__type__":"cc.Layout","node":{"__id__":7},"_layoutSize":{"__type__":"cc.Size","width":300,"height":148.6},"_resize":1,"_N$layoutType":2,"_N$spacingY":14}],"_prefab":{"__type__":"cc.PrefabInfo","root":{"__id__":1},"asset":{"__uuid__":"011+ZKlcNFwpW/BEDI0Vp2"},"fileId":"18EmmQvxNKu7OclwkHx4H+"},"_contentSize":{"__type__":"cc.Size","width":300,"height":148.6},"_anchorPoint":{"__type__":"cc.Vec2","x":0.5,"y":1},"_position":{"__type__":"cc.Vec3","y":56}},{"__type__":"cc.Node","_name":"shuoMing","_parent":{"__id__":7},"_level":3,"_components":[{"__id__":9}],"_prefab":{"__type__":"cc.PrefabInfo","root":{"__id__":1},"asset":{"__uuid__":"011+ZKlcNFwpW/BEDI0Vp2"},"fileId":"389eWO0ilLfbFxVWoQwQyk"},"_color":{"__type__":"cc.Color","r":31,"g":31,"b":31},"_contentSize":{"__type__":"cc.Size","width":754,"height":75.6},"_position":{"__type__":"cc.Vec3","y":-37.8}},{"__type__":"cc.Label","node":{"__id__":8},"_materials":[{"__uuid__":"ecpdLyjvZBwrvm+cedCcQy"}],"_string":"异常编号为00000000，请联系客服","_N$string":"异常编号为00000000，请联系客服","_lineHeight":60,"_N$horizontalAlign":1,"_N$verticalAlign":1,"_N$overflow":3},{"__type__":"cc.Node","_name":"tiShi","_parent":{"__id__":7},"_level":3,"_components":[{"__id__":11}],"_prefab":{"__type__":"cc.PrefabInfo","root":{"__id__":1},"asset":{"__uuid__":"011+ZKlcNFwpW/BEDI0Vp2"},"fileId":"c76Uit1iFGb6D14fXGfJ5u"},"_color":{"__type__":"cc.Color","r":204,"g":204,"b":204},"_contentSize":{"__type__":"cc.Size","width":754,"height":59},"_position":{"__type__":"cc.Vec3","y":-119.1}},{"__type__":"cc.Label","node":{"__id__":10},"_materials":[{"__uuid__":"ecpdLyjvZBwrvm+cedCcQy"}],"_string":"给您带来的不便，敬请谅解！","_N$string":"给您带来的不便，敬请谅解！","_fontSize":38,"_lineHeight":59,"_N$horizontalAlign":1,"_N$verticalAlign":1,"_N$overflow":2},{"__type__":"cc.Node","_name":"btn","_parent":{"__id__":1},"_children":[{"__id__":13}],"_level":2,"_components":[{"__type__":"cc.Sprite","node":{"__id__":12},"_materials":[{"__uuid__":"ecpdLyjvZBwrvm+cedCcQy"}],"_spriteFrame":{"__uuid__":"31dyOYhK5DH6xtK1ew1mdi"},"_type":1,"_sizeMode":0},{"__id__":15}],"_prefab":{"__type__":"cc.PrefabInfo","root":{"__id__":1},"asset":{"__uuid__":"011+ZKlcNFwpW/BEDI0Vp2"},"fileId":"75sW00WetKb4sbvNFD2bRQ"},"_contentSize":{"__type__":"cc.Size","width":300,"height":100},"_position":{"__type__":"cc.Vec3","y":-172}},{"__type__":"cc.Node","_name":"btnLab","_parent":{"__id__":12},"_level":3,"_components":[{"__id__":14}],"_prefab":{"__type__":"cc.PrefabInfo","root":{"__id__":1},"asset":{"__uuid__":"011+ZKlcNFwpW/BEDI0Vp2"},"fileId":"80SGvHVMJCu5Xuu1wtvG81"},"_contentSize":{"__type__":"cc.Size","width":192,"height":74.34}},{"__type__":"cc.Label","node":{"__id__":13},"_materials":[{"__uuid__":"ecpdLyjvZBwrvm+cedCcQy"}],"_string":"重新加载","_N$string":"重新加载","_fontSize":48,"_lineHeight":59,"_N$horizontalAlign":1,"_N$verticalAlign":1},{"__type__":"cc.Button","node":{"__id__":12},"clickEvents":[{"__type__":"cc.ClickEvent","target":{"__id__":1},"_componentId":"78373xfPadEJ5IFn4sizh3z","handler":"onBtnClick"}],"_N$enableAutoGrayEffect":true,"_N$transition":3,"transition":3,"_N$target":{"__id__":12}}],{"__type__":"cc.SpriteFrame","content":{"name":"btn01","texture":"141e5957a","rect":[1115,581,50,50],"offset":[0,0],"originalSize":[50,50],"capInsets":[24,23,24,23]}},{"__type__":"cc.SpriteFrame","content":{"name":"u","texture":"141e5957a","rect":[1021,3,220,198],"offset":[0,0],"originalSize":[220,198],"rotated":1,"capInsets":[0,0,0,0]}},{"__type__":"cc.SpriteFrame","content":{"name":"singleColor","texture":"141e5957a","rect":[672,2019,2,2],"offset":[0,0],"originalSize":[2,2],"capInsets":[0,0,0,0]}},{"__type__":"cc.SpriteFrame","content":{"name":"yuanJiao","texture":"141e5957a","rect":[1205,1913,50,50],"offset":[0,0],"originalSize":[50,50],"capInsets":[24,23,24,23]}}]