[{"__type__":"cc.SpriteFrame","content":{"name":"toast","texture":"141e5957a","rect":[1171,589,50,50],"offset":[0,0],"originalSize":[50,50],"capInsets":[23,23,23,23]}},[{"__type__":"cc.Prefab","_name":"Tip","data":{"__id__":1}},{"__type__":"cc.Node","_name":"Tip","_children":[{"__id__":2},{"__id__":3}],"_level":1,"_components":[{"__type__":"c7373SoEY5LDIC2BLTSmOq3","node":{"__id__":1},"neiRongNode":{"__id__":2},"tipLabel":{"__id__":4}}],"_prefab":{"__type__":"cc.PrefabInfo","root":{"__id__":1},"asset":{"__uuid__":"72qOwd+yVBCKj8ws0IcuL2"},"fileId":"39XopAg49HiLgghsRRxVb6"}},{"__type__":"cc.Node","_name":"TipBg","_parent":{"__id__":1},"_components":[{"__type__":"cc.Sprite","node":{"__id__":2},"_spriteFrame":{"__uuid__":"66IE5zJJpOmJ5iwHe2imNf"},"_type":1,"_sizeMode":0}],"_prefab":{"__type__":"cc.PrefabInfo","root":{"__id__":1},"asset":{"__uuid__":"72qOwd+yVBCKj8ws0IcuL2"},"fileId":"6b3ghiE7dOAaKuG2l8W15r"},"_contentSize":{"__type__":"cc.Size","width":943,"height":133}},{"__type__":"cc.Node","_name":"Label","_parent":{"__id__":1},"_level":2,"_components":[{"__id__":4}],"_prefab":{"__type__":"cc.PrefabInfo","root":{"__id__":1},"asset":{"__uuid__":"72qOwd+yVBCKj8ws0IcuL2"},"fileId":"29kuPEfwNH85znHs7ocXS4"},"_contentSize":{"__type__":"cc.Size","width":919,"height":120}},{"__type__":"cc.Label","node":{"__id__":3},"_useOriginalSize":false,"_string":"tips20个字","_N$string":"tips20个字","_lineHeight":50,"_N$horizontalAlign":1,"_N$verticalAlign":1,"_N$overflow":2}]]