[{"__type__":"cc.SpriteFrame","content":{"name":"default_btn_disabled","texture":"71VhFCTINJM6/Ky3oX9nBT","rect":[0,0,40,40],"offset":[0,0],"originalSize":[40,40],"capInsets":[12,12,12,12]}},{"__type__":"cc.SpriteFrame","content":{"name":"btn01","texture":"141e5957a","rect":[1115,581,50,50],"offset":[0,0],"originalSize":[50,50],"capInsets":[24,23,24,23]}},[{"__type__":"cc.Prefab","_name":"TeacherPanel","data":{"__id__":1}},{"__type__":"cc.Node","_name":"TeacherPanel","_children":[{"__id__":2},{"__id__":3},{"__id__":4},{"__id__":7}],"_level":1,"_components":[{"__type__":"70c27EBmWdPJYtgMQ9dyPZS","node":{"__id__":1}}],"_prefab":{"__type__":"cc.PrefabInfo","root":{"__id__":1},"asset":{"__uuid__":"62rz3SUm9N9oHvw7KM9Kh5"},"fileId":"c6ee3qTXhI7JCZdoBZYg8q"},"_contentSize":{"__type__":"cc.Size","width":1994,"height":960}},{"__type__":"cc.Node","_name":"bg","_parent":{"__id__":1},"_level":2,"_components":[{"__type__":"cc.Sprite","node":{"__id__":2},"_materials":[{"__uuid__":"ecpdLyjvZBwrvm+cedCcQy"}],"_spriteFrame":{"__uuid__":"76OlHWMbZC75J0XVSi3dgZ"},"_sizeMode":0}],"_prefab":{"__type__":"cc.PrefabInfo","root":{"__id__":1},"asset":{"__uuid__":"62rz3SUm9N9oHvw7KM9Kh5"},"fileId":"3cXgzTM4dJeZv4LsxNnbZA"},"_color":{"__type__":"cc.Color","r":239,"g":239,"b":239},"_contentSize":{"__type__":"cc.Size","width":1900,"height":739}},{"__type__":"cc.Node","_name":"label","_parent":{"__id__":1},"_level":2,"_components":[{"__type__":"cc.Label","node":{"__id__":3},"_materials":[{"__uuid__":"ecpdLyjvZBwrvm+cedCcQy"}],"_useOriginalSize":false,"_string":"非配置型课件，直接保存即可。","_N$string":"非配置型课件，直接保存即可。","_fontSize":50,"_lineHeight":60,"_N$horizontalAlign":1,"_N$verticalAlign":1}],"_prefab":{"__type__":"cc.PrefabInfo","root":{"__id__":1},"asset":{"__uuid__":"62rz3SUm9N9oHvw7KM9Kh5"},"fileId":"93X3o5CwZBtp66cjUxO4rp"},"_color":{"__type__":"cc.Color"},"_contentSize":{"__type__":"cc.Size","width":700,"height":75.6},"_position":{"__type__":"cc.Vec3","y":150}},{"__type__":"cc.Node","_name":"btnSave","_parent":{"__id__":1},"_children":[{"__id__":5}],"_level":2,"_components":[{"__type__":"cc.Button","node":{"__id__":4},"clickEvents":[{"__type__":"cc.ClickEvent","target":{"__id__":1},"_componentId":"70c27EBmWdPJYtgMQ9dyPZS","handler":"onBtnSaveClicked"}],"_N$transition":3,"transition":3,"_N$normalColor":{"__type__":"cc.Color","r":230,"g":230,"b":230},"_N$pressedColor":{"__type__":"cc.Color","r":200,"g":200,"b":200},"pressedColor":{"__type__":"cc.Color","r":200,"g":200,"b":200},"_N$disabledColor":{"__type__":"cc.Color","r":120,"g":120,"b":120,"a":200},"_N$normalSprite":{"__uuid__":"31dyOYhK5DH6xtK1ew1mdi"},"_N$pressedSprite":{"__uuid__":"e97GVMl6JHh5Ml5qEDdSGa"},"pressedSprite":{"__uuid__":"e97GVMl6JHh5Ml5qEDdSGa"},"_N$hoverSprite":{"__uuid__":"f0BIwQ8D5Ml7nTNQbh1YlS"},"hoverSprite":{"__uuid__":"f0BIwQ8D5Ml7nTNQbh1YlS"},"_N$disabledSprite":{"__uuid__":"29FYIk+N1GYaeWH/q1NxQO"},"_N$target":{"__id__":5}}],"_prefab":{"__type__":"cc.PrefabInfo","root":{"__id__":1},"asset":{"__uuid__":"62rz3SUm9N9oHvw7KM9Kh5"},"fileId":"e4Pqtmfz9Pdqa/EcePY5Oh"},"_contentSize":{"__type__":"cc.Size","width":160,"height":80},"_position":{"__type__":"cc.Vec3","x":-200,"y":-100}},{"__type__":"cc.Node","_name":"Background","_parent":{"__id__":4},"_children":[{"__id__":6}],"_level":2,"_components":[{"__type__":"cc.Sprite","node":{"__id__":5},"_materials":[{"__uuid__":"ecpdLyjvZBwrvm+cedCcQy"}],"_spriteFrame":{"__uuid__":"31dyOYhK5DH6xtK1ew1mdi"},"_type":1,"_sizeMode":0},{"__type__":"cc.Widget","node":{"__id__":5},"alignMode":0,"_alignFlags":45,"_originalWidth":100,"_originalHeight":40}],"_prefab":{"__type__":"cc.PrefabInfo","root":{"__id__":1},"asset":{"__uuid__":"62rz3SUm9N9oHvw7KM9Kh5"},"fileId":"40MuKeomdNIKMLZ3gTY1ct"},"_color":{"__type__":"cc.Color","r":90,"g":241,"b":216},"_contentSize":{"__type__":"cc.Size","width":160,"height":80}},{"__type__":"cc.Node","_name":"Label","_parent":{"__id__":5},"_level":3,"_components":[{"__type__":"cc.Label","node":{"__id__":6},"_materials":[{"__uuid__":"ecpdLyjvZBwrvm+cedCcQy"}],"_useOriginalSize":false,"_string":"保存","_N$string":"保存","_fontSize":45,"_lineHeight":50,"_enableWrapText":false,"_N$horizontalAlign":1,"_N$verticalAlign":1,"_N$overflow":1}],"_prefab":{"__type__":"cc.PrefabInfo","root":{"__id__":1},"asset":{"__uuid__":"62rz3SUm9N9oHvw7KM9Kh5"},"fileId":"ccKFtjYQFAmYUSIdsGg1zU"},"_contentSize":{"__type__":"cc.Size","width":100,"height":50}},{"__type__":"cc.Node","_name":"yulan","_parent":{"__id__":1},"_children":[{"__id__":8}],"_level":2,"_components":[{"__type__":"cc.Button","node":{"__id__":7},"clickEvents":[{"__type__":"cc.ClickEvent","target":{"__id__":1},"_componentId":"70c27EBmWdPJYtgMQ9dyPZS","handler":"onYuLan"}],"_N$transition":3,"transition":3,"_N$normalColor":{"__type__":"cc.Color","r":230,"g":230,"b":230},"_N$pressedColor":{"__type__":"cc.Color","r":200,"g":200,"b":200},"pressedColor":{"__type__":"cc.Color","r":200,"g":200,"b":200},"_N$disabledColor":{"__type__":"cc.Color","r":120,"g":120,"b":120,"a":200},"_N$normalSprite":{"__uuid__":"31dyOYhK5DH6xtK1ew1mdi"},"_N$pressedSprite":{"__uuid__":"e97GVMl6JHh5Ml5qEDdSGa"},"pressedSprite":{"__uuid__":"e97GVMl6JHh5Ml5qEDdSGa"},"_N$hoverSprite":{"__uuid__":"f0BIwQ8D5Ml7nTNQbh1YlS"},"hoverSprite":{"__uuid__":"f0BIwQ8D5Ml7nTNQbh1YlS"},"_N$disabledSprite":{"__uuid__":"29FYIk+N1GYaeWH/q1NxQO"},"_N$target":{"__id__":8}}],"_prefab":{"__type__":"cc.PrefabInfo","root":{"__id__":1},"asset":{"__uuid__":"62rz3SUm9N9oHvw7KM9Kh5"},"fileId":"5aaN7igkVCVKMlQ3L/cVte"},"_contentSize":{"__type__":"cc.Size","width":160,"height":80},"_position":{"__type__":"cc.Vec3","x":200,"y":-100}},{"__type__":"cc.Node","_name":"Background","_parent":{"__id__":7},"_children":[{"__id__":9}],"_level":2,"_components":[{"__type__":"cc.Sprite","node":{"__id__":8},"_materials":[{"__uuid__":"ecpdLyjvZBwrvm+cedCcQy"}],"_spriteFrame":{"__uuid__":"78/dcSo/JEdafSAhXCTM6e"},"_type":1,"_sizeMode":0},{"__type__":"cc.Widget","node":{"__id__":8},"alignMode":0,"_alignFlags":45,"_originalWidth":100,"_originalHeight":40}],"_prefab":{"__type__":"cc.PrefabInfo","root":{"__id__":1},"asset":{"__uuid__":"62rz3SUm9N9oHvw7KM9Kh5"},"fileId":"d2z63Z8BdJV6wgMnGH6h6k"},"_contentSize":{"__type__":"cc.Size","width":160,"height":80}},{"__type__":"cc.Node","_name":"Label","_parent":{"__id__":8},"_level":3,"_components":[{"__type__":"cc.Label","node":{"__id__":9},"_materials":[{"__uuid__":"ecpdLyjvZBwrvm+cedCcQy"}],"_useOriginalSize":false,"_string":"预览","_N$string":"预览","_fontSize":45,"_lineHeight":50,"_enableWrapText":false,"_N$horizontalAlign":1,"_N$verticalAlign":1,"_N$overflow":1}],"_prefab":{"__type__":"cc.PrefabInfo","root":{"__id__":1},"asset":{"__uuid__":"62rz3SUm9N9oHvw7KM9Kh5"},"fileId":"289q+doPVHJbElA4cntG9f"},"_contentSize":{"__type__":"cc.Size","width":100,"height":50}}],{"__type__":"cc.SpriteFrame","content":{"name":"singleColor","texture":"141e5957a","rect":[672,2019,2,2],"offset":[0,0],"originalSize":[2,2],"capInsets":[0,0,0,0]}},{"__type__":"cc.SpriteFrame","content":{"name":"btn02","texture":"141e5957a","rect":[1043,1933,50,50],"offset":[0,0],"originalSize":[50,50],"capInsets":[20,19,22,22]}},{"__type__":"cc.SpriteFrame","content":{"name":"default_btn_pressed","texture":"b4P/PCArtIdIH38t6mlw8Y","rect":[0,0,40,40],"offset":[0,0],"originalSize":[40,40],"capInsets":[12,12,12,12]}},{"__type__":"cc.SpriteFrame","content":{"name":"default_btn_normal","texture":"e8Ueib+qJEhL6mXAHdnwbi","rect":[0,0,40,40],"offset":[0,0],"originalSize":[40,40],"capInsets":[12,12,12,12]}}]