[{"__type__":"cc.SpriteFrame","content":{"name":"btn01","texture":"141e5957a","rect":[1115,581,50,50],"offset":[0,0],"originalSize":[50,50],"capInsets":[24,23,24,23]}},{"__type__":"cc.SpriteFrame","content":{"name":"singleColor","texture":"141e5957a","rect":[672,2019,2,2],"offset":[0,0],"originalSize":[2,2],"capInsets":[0,0,0,0]}},{"__type__":"cc.SpriteFrame","content":{"name":"btn02","texture":"141e5957a","rect":[1043,1933,50,50],"offset":[0,0],"originalSize":[50,50],"capInsets":[20,19,22,22]}},{"__type__":"cc.SpriteFrame","content":{"name":"yuanJiao","texture":"141e5957a","rect":[1205,1913,50,50],"offset":[0,0],"originalSize":[50,50],"capInsets":[24,23,24,23]}},[{"__type__":"cc.Prefab","_name":"SubmissionPanel","data":{"__id__":1}},{"__type__":"cc.Node","_name":"SubmissionPanel","_children":[{"__id__":2},{"__id__":3},{"__id__":4},{"__id__":5},{"__id__":7}],"_level":1,"_components":[{"__type__":"bdbeagD9lJH1p1yPQBbNwPK","node":{"__id__":1}}],"_prefab":{"__type__":"cc.PrefabInfo","root":{"__id__":1},"asset":{"__uuid__":"batH8HNLFKvatt6hP9hs2m"},"fileId":"fcB6rBhYZGhaPZVu4gftH3"},"_contentSize":{"__type__":"cc.Size","width":1994,"height":960}},{"__type__":"cc.Node","_name":"New Node","_parent":{"__id__":1},"_level":2,"_components":[{"__type__":"cc.Sprite","node":{"__id__":2},"_spriteFrame":{"__uuid__":"76OlHWMbZC75J0XVSi3dgZ"},"_sizeMode":0},{"__type__":"cc.BlockInputEvents","node":{"__id__":2}}],"_prefab":{"__type__":"cc.PrefabInfo","root":{"__id__":1},"asset":{"__uuid__":"batH8HNLFKvatt6hP9hs2m"},"fileId":"c9P/3qzklHYJwE2zmlfb2l"},"_opacity":126,"_color":{"__type__":"cc.Color"},"_contentSize":{"__type__":"cc.Size","width":1975,"height":965}},{"__type__":"cc.Node","_name":"New Node","_parent":{"__id__":1},"_level":2,"_components":[{"__type__":"cc.Sprite","node":{"__id__":3},"_spriteFrame":{"__uuid__":"9b4np7sSJMHLOBZs4Yo7cD"},"_type":1,"_sizeMode":0}],"_prefab":{"__type__":"cc.PrefabInfo","root":{"__id__":1},"asset":{"__uuid__":"batH8HNLFKvatt6hP9hs2m"},"fileId":"23ATSWwVtL3KR5pIeccyOI"},"_contentSize":{"__type__":"cc.Size","width":400,"height":300}},{"__type__":"cc.Node","_name":"label","_parent":{"__id__":1},"_level":2,"_components":[{"__type__":"cc.Label","node":{"__id__":4},"_string":"确定提交并保存吗？","_N$string":"确定提交并保存吗？","_lineHeight":60,"_N$horizontalAlign":1,"_N$verticalAlign":1}],"_prefab":{"__type__":"cc.PrefabInfo","root":{"__id__":1},"asset":{"__uuid__":"batH8HNLFKvatt6hP9hs2m"},"fileId":"a3zxki94ZF0JB4w3/YCNQH"},"_color":{"__type__":"cc.Color"},"_contentSize":{"__type__":"cc.Size","width":360,"height":60},"_position":{"__type__":"cc.Vec3","y":51}},{"__type__":"cc.Node","_name":"New Node","_parent":{"__id__":1},"_children":[{"__id__":6}],"_level":2,"_components":[{"__type__":"cc.Sprite","node":{"__id__":5},"_spriteFrame":{"__uuid__":"78/dcSo/JEdafSAhXCTM6e"},"_type":1,"_sizeMode":0},{"__type__":"cc.Button","node":{"__id__":5},"clickEvents":[{"__type__":"cc.ClickEvent","target":{"__id__":1},"_componentId":"bdbeagD9lJH1p1yPQBbNwPK","handler":"onQueDingBtnClick"}],"_N$transition":3,"transition":3,"_N$target":{"__id__":5}}],"_prefab":{"__type__":"cc.PrefabInfo","root":{"__id__":1},"asset":{"__uuid__":"batH8HNLFKvatt6hP9hs2m"},"fileId":"cfJXWapzNHBb9nDH6BPorT"},"_contentSize":{"__type__":"cc.Size","width":140,"height":60},"_position":{"__type__":"cc.Vec3","x":101,"y":-76}},{"__type__":"cc.Node","_name":"New Node","_parent":{"__id__":5},"_level":3,"_components":[{"__type__":"cc.Label","node":{"__id__":6},"_string":"确定","_N$string":"确定","_lineHeight":60,"_N$horizontalAlign":1,"_N$verticalAlign":1}],"_prefab":{"__type__":"cc.PrefabInfo","root":{"__id__":1},"asset":{"__uuid__":"batH8HNLFKvatt6hP9hs2m"},"fileId":"c15WE81hVDrqnrhEhfqHoO"},"_contentSize":{"__type__":"cc.Size","width":80,"height":60}},{"__type__":"cc.Node","_name":"New Node","_parent":{"__id__":1},"_children":[{"__id__":8}],"_level":2,"_components":[{"__type__":"cc.Sprite","node":{"__id__":7},"_spriteFrame":{"__uuid__":"31dyOYhK5DH6xtK1ew1mdi"},"_type":1,"_sizeMode":0},{"__type__":"cc.Button","node":{"__id__":7},"clickEvents":[{"__type__":"cc.ClickEvent","target":{"__id__":1},"_componentId":"bdbeagD9lJH1p1yPQBbNwPK","handler":"onQuXiaoBtnClick"}],"_N$target":{"__id__":7}}],"_prefab":{"__type__":"cc.PrefabInfo","root":{"__id__":1},"asset":{"__uuid__":"batH8HNLFKvatt6hP9hs2m"},"fileId":"e5f0zcRj5LI6fZ+g0MkaS3"},"_contentSize":{"__type__":"cc.Size","width":140,"height":60},"_position":{"__type__":"cc.Vec3","x":-104,"y":-76}},{"__type__":"cc.Node","_name":"New Node","_parent":{"__id__":7},"_level":3,"_components":[{"__type__":"cc.Label","node":{"__id__":8},"_string":"取消","_N$string":"取消","_lineHeight":60,"_N$horizontalAlign":1,"_N$verticalAlign":1}],"_prefab":{"__type__":"cc.PrefabInfo","root":{"__id__":1},"asset":{"__uuid__":"batH8HNLFKvatt6hP9hs2m"},"fileId":"fbYxb1QyxJwb+tOibH8OIA"},"_contentSize":{"__type__":"cc.Size","width":80,"height":60}}]]