{"__type__":"cc.SpriteAtlas","_spriteFrames":{"bg":{"__uuid__":"63SKnLw+dA0aeiwF62D01i"},"loadingBg":{"__uuid__":"1116v3koBFq5VeoM2wxF6l"},"jindu":{"__uuid__":"15xfMuKiJE1ajcG1rVTdzs"},"dig-1":{"__uuid__":"29zej73Z9JgY68Lr7E+2Wz"},"dig":{"__uuid__":"69JdsLysdA4YZxMeLbOhVz"},"singleColor":{"__uuid__":"76OlHWMbZC75J0XVSi3dgZ"},"jindu_bg":{"__uuid__":"d2NAKKr7lPioV14lP40bo+"},"u2":{"__uuid__":"a5p08S5rVGGrHgprq1wtnS"},"u":{"__uuid__":"71lEdSTSBOK7cdRfh05sbX"},"btn_huang_pressed":{"__uuid__":"04qQMEi0pDvb1HDvoNLijW"},"bg_timu1":{"__uuid__":"50rgZwCYJKl7lLtiOTbpCG"},"btn_huang_normal":{"__uuid__":"32su7mYZpAg5JaKndEdsFY"},"img_right":{"__uuid__":"14+Sz+tn1Ng5Ng5CBNhwBl"},"bg_shuzi":{"__uuid__":"0dr6da7fdF/LKTLF9qiQhB"},"btn01":{"__uuid__":"31dyOYhK5DH6xtK1ew1mdi"},"toast":{"__uuid__":"66IE5zJJpOmJ5iwHe2imNf"},"word":{"__uuid__":"d9rxVLy0xBnquwBTgsFvyo"},"img_wrong":{"__uuid__":"a0WG2jGZlF8aIOYsg/n3WQ"},"bg_ti":{"__uuid__":"41RAlUkSlKS6nUX/fGubrA"},"img_sai":{"__uuid__":"1a0NThDIJJWpF2S+UuCvVd"},"img_jie":{"__uuid__":"b9nj2KII9G54JBmukQ7Qy5"},"bg_mengban":{"__uuid__":"9b4s6XAKZELp60RSuvurSH"},"img_haixing":{"__uuid__":"1dp+MIbEJGqr5aVgPrhAeC"},"img_haidan":{"__uuid__":"bfTrtpo8dJMLXD2VcJR2YC"},"bg_timu2":{"__uuid__":"beEslYFd9IxY2x61RN5FEK"},"img_jingyu":{"__uuid__":"5bRgkEh6lE3YUjzGg5uKe0"},"img_mengban":{"__uuid__":"21IF0iGcRCHacB7EaUwnTs"},"img_zhangyu":{"__uuid__":"9eevk3USNDi4ytFZDz+zvR"},"img_cheng":{"__uuid__":"89e//VbpdGS6dqDaRFLeCR"},"bg_kuang":{"__uuid__":"eb0VItdYpF/rDSCI3JxFuL"},"img_guan":{"__uuid__":"6agUCm059NM6Jx4vUH4fLS"},"img_zhan":{"__uuid__":"d8964cpqBIo4L3eFNcBm6P"},"img_zuo":{"__uuid__":"6abpXAcTNDgKA+YWYhLFnd"},"img_gong":{"__uuid__":"5ehMh95LNFdbvgB+q34kyu"},"img_da":{"__uuid__":"4aa1qXX79K7pEOS+fLjhU3"},"img_shu":{"__uuid__":"34uTvhTkpKX5QImjV+9PHh"},"img_tiao":{"__uuid__":"a2BOWRyEVFhYwh2QS25ws5"},"img_chuang":{"__uuid__":"8fF5VfAapEwqMeUSGV9ij/"},"img_bi":{"__uuid__":"968ruUgBdL1Yk+aIOALu7f"},"btn02":{"__uuid__":"78/dcSo/JEdafSAhXCTM6e"},"yuanJiao":{"__uuid__":"9b4np7sSJMHLOBZs4Yo7cD"}}}