[{"__type__":"cc.SpriteFrame","content":{"name":"btn01","texture":"141e5957a","rect":[1115,581,50,50],"offset":[0,0],"originalSize":[50,50],"capInsets":[24,23,24,23]}},[{"__type__":"cc.Prefab","_name":"AffirmTips","data":{"__id__":1}},{"__type__":"cc.Node","_name":"AffirmTips","_children":[{"__id__":2},{"__id__":3},{"__id__":4},{"__id__":5},{"__id__":6},{"__id__":11},{"__id__":16}],"_level":1,"_components":[{"__type__":"67e25WAGoRADq1zkpxqqwdF","node":{"__id__":1},"NodeDes":{"__id__":6},"title":{"__id__":8},"des":{"__id__":10},"close":{"__id__":15},"ok":{"__id__":20},"btnCloseLabel":{"__id__":14},"btnOkLabel":{"__id__":19},"win":{"__id__":4},"fail":{"__id__":5}}],"_prefab":{"__type__":"cc.PrefabInfo","root":{"__id__":1},"asset":{"__uuid__":"32onFG1nRIqalqUxymqq3+"},"fileId":"2bkclg4VVD/rFO42xe+ujf"}},{"__type__":"cc.Node","_name":"New Node","_parent":{"__id__":1},"_level":4,"_components":[{"__type__":"cc.BlockInputEvents","node":{"__id__":2}},{"__type__":"cc.Sprite","node":{"__id__":2},"_spriteFrame":{"__uuid__":"76OlHWMbZC75J0XVSi3dgZ"},"_sizeMode":0},{"__type__":"cc.Button","node":{"__id__":2},"clickEvents":[{"__type__":"cc.ClickEvent","target":{"__id__":1},"_componentId":"67e25WAGoRADq1zkpxqqwdF","handler":"OnClickClose"}],"_N$target":{"__id__":2}}],"_prefab":{"__type__":"cc.PrefabInfo","root":{"__id__":1},"asset":{"__uuid__":"32onFG1nRIqalqUxymqq3+"},"fileId":"52AC4PwPlNP5v/TSnK5DY7"},"_opacity":82,"_color":{"__type__":"cc.Color"},"_contentSize":{"__type__":"cc.Size","width":1994,"height":960}},{"__type__":"cc.Node","_name":"bg","_parent":{"__id__":1},"_level":2,"_components":[{"__type__":"cc.Sprite","node":{"__id__":3},"_spriteFrame":{"__uuid__":"9b4np7sSJMHLOBZs4Yo7cD"},"_type":1,"_sizeMode":0}],"_prefab":{"__type__":"cc.PrefabInfo","root":{"__id__":1},"asset":{"__uuid__":"32onFG1nRIqalqUxymqq3+"},"fileId":"f9ilD7cvNC0prcCA/GCtYG"},"_contentSize":{"__type__":"cc.Size","width":760,"height":430}},{"__type__":"cc.Node","_name":"win","_parent":{"__id__":1},"_level":2,"_components":[{"__type__":"cc.Sprite","node":{"__id__":4},"_spriteFrame":{"__uuid__":"a5p08S5rVGGrHgprq1wtnS"}}],"_prefab":{"__type__":"cc.PrefabInfo","root":{"__id__":1},"asset":{"__uuid__":"32onFG1nRIqalqUxymqq3+"},"fileId":"a5j/6VgflMU6sZvTV91e2M"},"_contentSize":{"__type__":"cc.Size","width":458,"height":203},"_position":{"__type__":"cc.Vec3","y":243}},{"__type__":"cc.Node","_name":"fail","_parent":{"__id__":1},"_active":false,"_level":2,"_components":[{"__type__":"cc.Sprite","node":{"__id__":5},"_spriteFrame":{"__uuid__":"71lEdSTSBOK7cdRfh05sbX"}}],"_prefab":{"__type__":"cc.PrefabInfo","root":{"__id__":1},"asset":{"__uuid__":"32onFG1nRIqalqUxymqq3+"},"fileId":"e1rXHRE3BPBqfU2Q7nP/7w"},"_contentSize":{"__type__":"cc.Size","width":220,"height":198},"_position":{"__type__":"cc.Vec3","x":37,"y":247}},{"__type__":"cc.Node","_name":"des","_parent":{"__id__":1},"_children":[{"__id__":7},{"__id__":9}],"_level":4,"_components":[{"__type__":"cc.Layout","node":{"__id__":6},"_layoutSize":{"__type__":"cc.Size","width":300,"height":100},"_resize":1,"_N$layoutType":2}],"_prefab":{"__type__":"cc.PrefabInfo","root":{"__id__":1},"asset":{"__uuid__":"32onFG1nRIqalqUxymqq3+"},"fileId":"c88+w3/HBEsqAEM+J9hTGZ"},"_contentSize":{"__type__":"cc.Size","width":300,"height":100},"_position":{"__type__":"cc.Vec3","y":59}},{"__type__":"cc.Node","_name":"title","_parent":{"__id__":6},"_level":5,"_components":[{"__id__":8}],"_prefab":{"__type__":"cc.PrefabInfo","root":{"__id__":1},"asset":{"__uuid__":"32onFG1nRIqalqUxymqq3+"},"fileId":"01n9HznTlKnanKTfQEiJxm"},"_color":{"__type__":"cc.Color"},"_contentSize":{"__type__":"cc.Size","width":440,"height":50},"_position":{"__type__":"cc.Vec3","y":25}},{"__type__":"cc.Label","node":{"__id__":7},"_string":"弹窗内需二次确认方案，","_N$string":"弹窗内需二次确认方案，","_lineHeight":50,"_N$horizontalAlign":1,"_N$verticalAlign":1},{"__type__":"cc.Node","_name":"des","_parent":{"__id__":6},"_level":5,"_components":[{"__id__":10}],"_prefab":{"__type__":"cc.PrefabInfo","root":{"__id__":1},"asset":{"__uuid__":"32onFG1nRIqalqUxymqq3+"},"fileId":"f1zRy2kpFMW4J0nhQcXJpq"},"_color":{"__type__":"cc.Color"},"_contentSize":{"__type__":"cc.Size","width":204.49,"height":50},"_position":{"__type__":"cc.Vec3","y":-25}},{"__type__":"cc.Label","node":{"__id__":9},"_string":"不超过20字","_N$string":"不超过20字","_lineHeight":50,"_N$horizontalAlign":1,"_N$verticalAlign":1},{"__type__":"cc.Node","_name":"cancel","_parent":{"__id__":1},"_children":[{"__id__":12}],"_level":2,"_components":[{"__id__":15}],"_prefab":{"__type__":"cc.PrefabInfo","root":{"__id__":1},"asset":{"__uuid__":"32onFG1nRIqalqUxymqq3+"},"fileId":"9cglGEPVJEMrkOsa2fqC3w"},"_contentSize":{"__type__":"cc.Size","width":300,"height":100},"_position":{"__type__":"cc.Vec3","x":-162,"y":-125}},{"__type__":"cc.Node","_name":"Background","_parent":{"__id__":11},"_children":[{"__id__":13}],"_level":2,"_components":[{"__type__":"cc.Sprite","node":{"__id__":12},"_spriteFrame":{"__uuid__":"78/dcSo/JEdafSAhXCTM6e"},"_type":1,"_sizeMode":0},{"__type__":"cc.Widget","node":{"__id__":12},"alignMode":0,"_alignFlags":45,"_left":-1,"_right":1,"_top":4,"_bottom":-4,"_originalWidth":100,"_originalHeight":40}],"_prefab":{"__type__":"cc.PrefabInfo","root":{"__id__":1},"asset":{"__uuid__":"32onFG1nRIqalqUxymqq3+"},"fileId":"c3TFhfOLJBv4gUlE/8KTZB"},"_color":{"__type__":"cc.Color","r":230,"g":230,"b":230},"_contentSize":{"__type__":"cc.Size","width":300,"height":100},"_position":{"__type__":"cc.Vec3","x":-1,"y":-4}},{"__type__":"cc.Node","_name":"Label","_parent":{"__id__":12},"_level":3,"_components":[{"__id__":14}],"_prefab":{"__type__":"cc.PrefabInfo","root":{"__id__":1},"asset":{"__uuid__":"32onFG1nRIqalqUxymqq3+"},"fileId":"e3u0XsY9BPJ4t/KmlKgVNB"},"_contentSize":{"__type__":"cc.Size","width":300,"height":60}},{"__type__":"cc.Label","node":{"__id__":13},"_useOriginalSize":false,"_string":"取消","_N$string":"取消","_fontSize":48,"_lineHeight":58,"_enableWrapText":false,"_N$horizontalAlign":1,"_N$verticalAlign":1,"_N$overflow":1},{"__type__":"cc.Button","node":{"__id__":11},"clickEvents":[{"__type__":"cc.ClickEvent","target":{"__id__":1},"_componentId":"67e25WAGoRADq1zkpxqqwdF","handler":"OnClickCancel"}],"_N$transition":3,"transition":3,"_N$normalColor":{"__type__":"cc.Color","r":230,"g":230,"b":230},"_N$pressedColor":{"__type__":"cc.Color","r":200,"g":200,"b":200},"pressedColor":{"__type__":"cc.Color","r":200,"g":200,"b":200},"_N$disabledColor":{"__type__":"cc.Color","r":120,"g":120,"b":120,"a":200},"_N$normalSprite":{"__uuid__":"78/dcSo/JEdafSAhXCTM6e"},"_N$pressedSprite":{"__uuid__":"78/dcSo/JEdafSAhXCTM6e"},"pressedSprite":{"__uuid__":"78/dcSo/JEdafSAhXCTM6e"},"_N$target":{"__id__":12}},{"__type__":"cc.Node","_name":"ok","_parent":{"__id__":1},"_children":[{"__id__":17}],"_level":2,"_components":[{"__id__":20}],"_prefab":{"__type__":"cc.PrefabInfo","root":{"__id__":1},"asset":{"__uuid__":"32onFG1nRIqalqUxymqq3+"},"fileId":"41Qou/J5ZI4LW/mwe3TkNN"},"_contentSize":{"__type__":"cc.Size","width":300,"height":100},"_position":{"__type__":"cc.Vec3","x":183,"y":-125}},{"__type__":"cc.Node","_name":"Background","_parent":{"__id__":16},"_children":[{"__id__":18}],"_level":2,"_components":[{"__type__":"cc.Sprite","node":{"__id__":17},"_spriteFrame":{"__uuid__":"31dyOYhK5DH6xtK1ew1mdi"},"_type":1,"_sizeMode":0},{"__type__":"cc.Widget","node":{"__id__":17},"alignMode":0,"_alignFlags":45,"_originalWidth":100,"_originalHeight":40}],"_prefab":{"__type__":"cc.PrefabInfo","root":{"__id__":1},"asset":{"__uuid__":"32onFG1nRIqalqUxymqq3+"},"fileId":"9fa4mRq8FK7JiMzOyM2zGN"},"_color":{"__type__":"cc.Color","r":230,"g":230,"b":230},"_contentSize":{"__type__":"cc.Size","width":300,"height":100}},{"__type__":"cc.Node","_name":"Label","_parent":{"__id__":17},"_level":3,"_components":[{"__id__":19}],"_prefab":{"__type__":"cc.PrefabInfo","root":{"__id__":1},"asset":{"__uuid__":"32onFG1nRIqalqUxymqq3+"},"fileId":"dbH3BdHcVHY5OSDIv8Gp3Q"},"_contentSize":{"__type__":"cc.Size","width":300,"height":60}},{"__type__":"cc.Label","node":{"__id__":18},"_useOriginalSize":false,"_string":"确定","_N$string":"确定","_fontSize":48,"_lineHeight":58,"_enableWrapText":false,"_N$horizontalAlign":1,"_N$verticalAlign":1,"_N$overflow":1},{"__type__":"cc.Button","node":{"__id__":16},"clickEvents":[{"__type__":"cc.ClickEvent","target":{"__id__":1},"_componentId":"67e25WAGoRADq1zkpxqqwdF","handler":"OnClickOk"}],"_N$transition":3,"transition":3,"_N$normalColor":{"__type__":"cc.Color","r":230,"g":230,"b":230},"_N$pressedColor":{"__type__":"cc.Color","r":200,"g":200,"b":200},"pressedColor":{"__type__":"cc.Color","r":200,"g":200,"b":200},"_N$disabledColor":{"__type__":"cc.Color","r":120,"g":120,"b":120,"a":200},"_N$normalSprite":{"__uuid__":"31dyOYhK5DH6xtK1ew1mdi"},"_N$pressedSprite":{"__uuid__":"31dyOYhK5DH6xtK1ew1mdi"},"pressedSprite":{"__uuid__":"31dyOYhK5DH6xtK1ew1mdi"},"_N$disabledSprite":{"__uuid__":"31dyOYhK5DH6xtK1ew1mdi"},"_N$target":{"__id__":17}}],{"__type__":"cc.SpriteFrame","content":{"name":"u","texture":"141e5957a","rect":[1021,3,220,198],"offset":[0,0],"originalSize":[220,198],"rotated":1,"capInsets":[0,0,0,0]}},{"__type__":"cc.SpriteFrame","content":{"name":"singleColor","texture":"141e5957a","rect":[672,2019,2,2],"offset":[0,0],"originalSize":[2,2],"capInsets":[0,0,0,0]}},{"__type__":"cc.SpriteFrame","content":{"name":"btn02","texture":"141e5957a","rect":[1043,1933,50,50],"offset":[0,0],"originalSize":[50,50],"capInsets":[20,19,22,22]}},{"__type__":"cc.SpriteFrame","content":{"name":"yuanJiao","texture":"141e5957a","rect":[1205,1913,50,50],"offset":[0,0],"originalSize":[50,50],"capInsets":[24,23,24,23]}},{"__type__":"cc.SpriteFrame","content":{"name":"u2","texture":"141e5957a","rect":[969,645,458,203],"offset":[0,0],"originalSize":[458,203],"rotated":1,"capInsets":[0,0,0,0]}}]