{"skeleton":{"hash":"fG4dwgO1IP0PmRQlj+8JQjUhmZo","spine":"3.7.94","width":133,"height":122},"bones":[{"name":"root"},{"name":"bashou","parent":"root","length":33.73,"rotation":75.96,"x":0.48,"y":8.34},{"name":"body","parent":"bashou","length":35.05,"rotation":92.6,"x":44.94,"y":-4.36},{"name":"yuan_1","parent":"body","x":73.41,"y":-7.62},{"name":"yuan_2","parent":"yuan_1","x":-3.85,"y":-0.49},{"name":"yuan_3","parent":"yuan_2","x":-4.66,"y":0.8},{"name":"yingzi","parent":"root","x":-8.52,"y":5.88}],"slots":[{"name":"yingzi","bone":"yingzi","attachment":"yingzi"},{"name":"bashou","bone":"bashou","attachment":"bashou"},{"name":"body","bone":"body","attachment":"body"},{"name":"yuan_1","bone":"yuan_1","attachment":"yuan_1"},{"name":"yuan_2","bone":"yuan_2","attachment":"yuan_2"},{"name":"yuan_3","bone":"yuan_3","attachment":"yuan_3"}],"skins":{"default":{"bashou":{"bashou":{"x":24.32,"y":0.28,"rotation":-75.96,"width":29,"height":52}},"body":{"body":{"x":19.38,"y":-15.08,"rotation":-168.56,"width":100,"height":99}},"yingzi":{"yingzi":{"x":0.63,"y":0.12,"width":63,"height":12}},"yuan_1":{"yuan_1":{"x":-7.67,"y":0.39,"rotation":-168.56,"width":72,"height":102}},"yuan_2":{"yuan_2":{"x":-1.96,"y":1.76,"rotation":-168.56,"width":48,"height":69}},"yuan_3":{"yuan_3":{"x":-2.5,"y":1.45,"rotation":-168.56,"width":22,"height":34}}}},"animations":{"animation":{"bones":{"body":{"rotate":[{"time":0,"angle":0},{"time":0.3333,"angle":7.82},{"time":0.5,"angle":-9.86},{"time":0.8333,"angle":4.14},{"time":1,"angle":0}],"translate":[{"time":0,"x":0,"y":0,"curve":"stepped"},{"time":0.3333,"x":0,"y":0,"curve":"stepped"},{"time":0.5,"x":0,"y":0,"curve":"stepped"},{"time":0.8333,"x":0,"y":0,"curve":"stepped"},{"time":1,"x":0,"y":0}],"scale":[{"time":0,"x":1,"y":1},{"time":0.3333,"x":0.875,"y":0.875},{"time":0.5,"x":1.107,"y":1.107},{"time":0.8333,"x":0.912,"y":0.912},{"time":1,"x":1,"y":1}]},"yuan_1":{"rotate":[{"time":0,"angle":0,"curve":"stepped"},{"time":0.3333,"angle":0,"curve":"stepped"},{"time":0.5,"angle":0,"curve":"stepped"},{"time":0.8333,"angle":0,"curve":"stepped"},{"time":1,"angle":0}],"translate":[{"time":0,"x":0,"y":0,"curve":"stepped"},{"time":0.3333,"x":0,"y":0,"curve":"stepped"},{"time":0.5,"x":0,"y":0,"curve":"stepped"},{"time":0.8333,"x":0,"y":0,"curve":"stepped"},{"time":1,"x":0,"y":0}],"scale":[{"time":0,"x":1,"y":1,"curve":"stepped"},{"time":0.3333,"x":1,"y":1},{"time":0.5,"x":1.137,"y":1.137},{"time":0.8333,"x":1,"y":1,"curve":"stepped"},{"time":1,"x":1,"y":1}]},"yuan_2":{"rotate":[{"time":0,"angle":0,"curve":"stepped"},{"time":0.3333,"angle":0,"curve":"stepped"},{"time":0.5,"angle":0,"curve":"stepped"},{"time":0.8333,"angle":0,"curve":"stepped"},{"time":1,"angle":0}],"translate":[{"time":0,"x":0,"y":0,"curve":"stepped"},{"time":0.3333,"x":0,"y":0,"curve":"stepped"},{"time":0.5,"x":0,"y":0,"curve":"stepped"},{"time":0.8333,"x":0,"y":0,"curve":"stepped"},{"time":1,"x":0,"y":0}],"scale":[{"time":0,"x":1,"y":1},{"time":0.3333,"x":1.137,"y":1.137},{"time":0.5,"x":1.202,"y":1.202},{"time":0.8333,"x":0.91,"y":0.91},{"time":1,"x":1,"y":1}]},"bashou":{"rotate":[{"time":0,"angle":0},{"time":0.3333,"angle":10.68},{"time":0.5,"angle":-8.57},{"time":0.8333,"angle":3.88},{"time":1,"angle":0}]},"yingzi":{"scale":[{"time":0,"x":1,"y":1},{"time":0.3333,"x":0.757,"y":0.757},{"time":0.5,"x":1.585,"y":1.577},{"time":0.8333,"x":0.922,"y":0.922},{"time":1,"x":1,"y":1}]}}}}}