{"skeleton":{"hash":"KoJZYKYnRNDL6VThUFs8beqgAOI","spine":"3.7.94","width":730.21,"height":694.69},"bones":[{"name":"root"},{"name":"shahua","parent":"root","rotation":4.98,"x":-54.08,"y":-333.46},{"name":"bone","parent":"shahua","x":-4.79,"y":122.34},{"name":"bone2","parent":"shahua","x":62.89,"y":213.63},{"name":"bone3","parent":"shahua","x":88.08,"y":306.5},{"name":"bone4","parent":"shahua","x":-26.82,"y":197.89},{"name":"bone5","parent":"shahua","x":-26.82,"y":309.65},{"name":"bone6","parent":"shahua","x":-25.87,"y":716.35},{"name":"bone7","parent":"shahua","x":-187.37,"y":306.5},{"name":"bone8","parent":"shahua","x":-108.67,"y":408.81},{"name":"bone9","parent":"shahua","x":132.15,"y":405.66},{"name":"bone10","parent":"shahua","x":217.15,"y":361.59},{"name":"bone11","parent":"shahua","x":291.12,"y":484.36},{"name":"bone12","parent":"shahua","x":163.63,"y":530.01},{"name":"bone13","parent":"shahua","x":75.49,"y":495.38},{"name":"bone14","parent":"shahua","x":-17.38,"y":536.3},{"name":"bone15","parent":"shahua","x":-37.84,"y":452.88},{"name":"bone16","parent":"shahua","x":-94.51,"y":503.25},{"name":"bone17","parent":"shahua","x":-210.98,"y":482.79},{"name":"bone18","parent":"shahua","x":17.25,"y":429.27},{"name":"bone19","parent":"shahua","x":-142.06,"y":602.86},{"name":"bone20","parent":"shahua","x":103.38,"y":656.17},{"name":"shahua2","parent":"root","rotation":-3.44,"x":27.85,"y":-380.33},{"name":"bone21","parent":"shahua2","x":-4.79,"y":122.34},{"name":"bone22","parent":"shahua2","x":62.89,"y":213.63},{"name":"bone23","parent":"shahua2","x":88.08,"y":306.5},{"name":"bone24","parent":"shahua2","x":-26.82,"y":197.89},{"name":"bone25","parent":"shahua2","x":-26.82,"y":309.65},{"name":"bone26","parent":"shahua2","x":-25.87,"y":716.35},{"name":"bone27","parent":"shahua2","x":-187.37,"y":306.5},{"name":"bone28","parent":"shahua2","x":-108.67,"y":408.81},{"name":"bone29","parent":"shahua2","x":132.15,"y":405.66},{"name":"bone30","parent":"shahua2","x":217.15,"y":361.59},{"name":"bone31","parent":"shahua2","x":291.12,"y":484.36},{"name":"bone32","parent":"shahua2","x":163.63,"y":530.01},{"name":"bone33","parent":"shahua2","x":75.49,"y":495.38},{"name":"bone34","parent":"shahua2","x":-17.38,"y":536.3},{"name":"bone35","parent":"shahua2","x":-37.84,"y":452.88},{"name":"bone36","parent":"shahua2","x":-94.51,"y":503.25},{"name":"bone37","parent":"shahua2","x":-210.98,"y":482.79},{"name":"bone38","parent":"shahua2","x":17.25,"y":429.27},{"name":"bone39","parent":"shahua2","x":-142.06,"y":602.86},{"name":"bone40","parent":"shahua2","x":103.38,"y":656.17}],"slots":[{"name":"10","bone":"bone6","attachment":"10"},{"name":"12","bone":"bone26","attachment":"10"},{"name":"11","bone":"bone18","attachment":"10"},{"name":"13","bone":"bone38","attachment":"10"},{"name":"fireworks1","bone":"bone10","attachment":"fireworks1"},{"name":"fireworks27","bone":"bone30","attachment":"fireworks1"},{"name":"fireworks11","bone":"bone12","attachment":"fireworks11"},{"name":"fireworks29","bone":"bone32","attachment":"fireworks11"},{"name":"fireworks12","bone":"bone5","attachment":"fireworks12"},{"name":"fireworks23","bone":"bone25","attachment":"fireworks12"},{"name":"fireworks13","bone":"bone14","attachment":"fireworks13"},{"name":"fireworks31","bone":"bone34","attachment":"fireworks13"},{"name":"fireworks14","bone":"bone15","attachment":"fireworks14"},{"name":"fireworks32","bone":"bone35","attachment":"fireworks14"},{"name":"fireworks15","bone":"bone8","attachment":"fireworks15"},{"name":"fireworks25","bone":"bone28","attachment":"fireworks15"},{"name":"fireworks18","bone":"bone19","attachment":"fireworks15"},{"name":"fireworks35","bone":"bone39","attachment":"fireworks15"},{"name":"fireworks16","bone":"bone3","attachment":"fireworks16"},{"name":"fireworks21","bone":"bone23","attachment":"fireworks16"},{"name":"fireworks19","bone":"bone20","attachment":"fireworks16"},{"name":"fireworks36","bone":"bone40","attachment":"fireworks16"},{"name":"fireworks17","bone":"bone","attachment":"fireworks17"},{"name":"fireworks20","bone":"bone21","attachment":"fireworks17"},{"name":"fireworks2","bone":"bone4","attachment":"fireworks2"},{"name":"fireworks22","bone":"bone24","attachment":"fireworks2"},{"name":"fireworks3","bone":"bone13","attachment":"fireworks3"},{"name":"fireworks30","bone":"bone33","attachment":"fireworks3"},{"name":"fireworks4","bone":"bone7","attachment":"fireworks4"},{"name":"fireworks24","bone":"bone27","attachment":"fireworks4"},{"name":"fireworks5","bone":"bone16","attachment":"fireworks5"},{"name":"fireworks33","bone":"bone36","attachment":"fireworks5"},{"name":"fireworks6","bone":"bone17","attachment":"fireworks6"},{"name":"fireworks34","bone":"bone37","attachment":"fireworks6"},{"name":"fireworks7","bone":"bone11","attachment":"fireworks7"},{"name":"fireworks28","bone":"bone31","attachment":"fireworks7"},{"name":"fireworks8","bone":"bone2","attachment":"fireworks8"},{"name":"fireworks10","bone":"bone22","attachment":"fireworks8"},{"name":"fireworks9","bone":"bone9","attachment":"fireworks9"},{"name":"fireworks26","bone":"bone29","attachment":"fireworks9"}],"skins":{"default":{"10":{"10":{"x":2.16,"y":2.3,"width":38,"height":44}},"11":{"10":{"x":2.16,"y":2.3,"width":38,"height":44}},"12":{"10":{"x":2.16,"y":2.3,"width":38,"height":44}},"13":{"10":{"x":2.16,"y":2.3,"width":38,"height":44}},"fireworks1":{"fireworks1":{"x":3.47,"y":0.87,"scaleX":0.597,"scaleY":0.597,"width":54,"height":78}},"fireworks10":{"fireworks8":{"x":-0.86,"y":2.32,"scaleX":0.597,"scaleY":0.597,"width":78,"height":66}},"fireworks11":{"fireworks11":{"x":0.43,"y":-2.42,"scaleX":0.597,"scaleY":0.597,"width":68,"height":72}},"fireworks12":{"fireworks12":{"x":3.41,"y":-2.4,"scaleX":0.597,"scaleY":0.597,"width":64,"height":66}},"fireworks13":{"fireworks13":{"x":-1.64,"y":3.3,"scaleX":0.597,"scaleY":0.597,"width":32,"height":42}},"fireworks14":{"fireworks14":{"x":-2.07,"y":0.52,"scaleX":0.597,"scaleY":0.597,"width":44,"height":57}},"fireworks15":{"fireworks15":{"x":-1.92,"y":1.15,"scaleX":0.597,"scaleY":0.597,"width":53,"height":40}},"fireworks16":{"fireworks16":{"x":3.05,"y":2.22,"scaleX":0.597,"scaleY":0.597,"width":75,"height":69}},"fireworks17":{"fireworks17":{"x":-0.23,"y":-5.2,"scaleX":0.597,"scaleY":0.597,"width":95,"height":87}},"fireworks18":{"fireworks15":{"x":-1.92,"y":1.15,"scaleX":0.597,"scaleY":0.597,"width":53,"height":40}},"fireworks19":{"fireworks16":{"x":3.05,"y":2.22,"scaleX":0.597,"scaleY":0.597,"width":75,"height":69}},"fireworks2":{"fireworks2":{"x":1.6,"y":4.02,"scaleX":0.597,"scaleY":0.597,"width":33,"height":78}},"fireworks20":{"fireworks17":{"x":-0.23,"y":-5.2,"scaleX":0.597,"scaleY":0.597,"width":95,"height":87}},"fireworks21":{"fireworks16":{"x":3.05,"y":2.22,"scaleX":0.597,"scaleY":0.597,"width":75,"height":69}},"fireworks22":{"fireworks2":{"x":1.6,"y":4.02,"scaleX":0.597,"scaleY":0.597,"width":33,"height":78}},"fireworks23":{"fireworks12":{"x":3.41,"y":-2.4,"scaleX":0.597,"scaleY":0.597,"width":64,"height":66}},"fireworks24":{"fireworks4":{"x":2.62,"y":14.24,"scaleX":0.597,"scaleY":0.597,"width":174,"height":67}},"fireworks25":{"fireworks15":{"x":-1.92,"y":1.15,"scaleX":0.597,"scaleY":0.597,"width":53,"height":40}},"fireworks26":{"fireworks9":{"x":1.13,"y":3.8,"scaleX":0.597,"scaleY":0.597,"width":78,"height":69}},"fireworks27":{"fireworks1":{"x":3.47,"y":0.87,"scaleX":0.597,"scaleY":0.597,"width":54,"height":78}},"fireworks28":{"fireworks7":{"x":1.79,"y":4.52,"scaleX":0.597,"scaleY":0.597,"width":124,"height":49}},"fireworks29":{"fireworks11":{"x":0.43,"y":-2.42,"scaleX":0.597,"scaleY":0.597,"width":68,"height":72}},"fireworks3":{"fireworks3":{"x":2.51,"y":1.88,"scaleX":0.597,"scaleY":0.597,"width":44,"height":48}},"fireworks30":{"fireworks3":{"x":2.51,"y":1.88,"scaleX":0.597,"scaleY":0.597,"width":44,"height":48}},"fireworks31":{"fireworks13":{"x":-1.64,"y":3.3,"scaleX":0.597,"scaleY":0.597,"width":32,"height":42}},"fireworks32":{"fireworks14":{"x":-2.07,"y":0.52,"scaleX":0.597,"scaleY":0.597,"width":44,"height":57}},"fireworks33":{"fireworks5":{"x":-0.66,"y":6.73,"scaleX":0.597,"scaleY":0.597,"width":73,"height":32}},"fireworks34":{"fireworks6":{"x":8.23,"y":16.27,"scaleX":0.597,"scaleY":0.597,"width":138,"height":93}},"fireworks35":{"fireworks15":{"x":-1.92,"y":1.15,"scaleX":0.597,"scaleY":0.597,"width":53,"height":40}},"fireworks36":{"fireworks16":{"x":3.05,"y":2.22,"scaleX":0.597,"scaleY":0.597,"width":75,"height":69}},"fireworks4":{"fireworks4":{"x":2.62,"y":14.24,"scaleX":0.597,"scaleY":0.597,"width":174,"height":67}},"fireworks5":{"fireworks5":{"x":-0.66,"y":6.73,"scaleX":0.597,"scaleY":0.597,"width":73,"height":32}},"fireworks6":{"fireworks6":{"x":8.23,"y":16.27,"scaleX":0.597,"scaleY":0.597,"width":138,"height":93}},"fireworks7":{"fireworks7":{"x":1.79,"y":4.52,"scaleX":0.597,"scaleY":0.597,"width":124,"height":49}},"fireworks8":{"fireworks8":{"x":-0.86,"y":2.32,"scaleX":0.597,"scaleY":0.597,"width":78,"height":66}},"fireworks9":{"fireworks9":{"x":1.13,"y":3.8,"scaleX":0.597,"scaleY":0.597,"width":78,"height":69}}}},"animations":{"animation":{"slots":{"10":{"color":[{"time":0,"color":"ffffff00"},{"time":0.1,"color":"ffffffff","curve":"stepped"},{"time":1,"color":"ffffffff"},{"time":1.3,"color":"ffffff00"}]},"11":{"color":[{"time":1.1667,"color":"ffffffff"},{"time":1.3333,"color":"ffffff00"}]},"12":{"color":[{"time":0,"color":"ffffff00"},{"time":0.1,"color":"ffffffff","curve":"stepped"},{"time":1,"color":"ffffffff"},{"time":1.3,"color":"ffffff00"}]},"13":{"color":[{"time":1.1667,"color":"ffffffff"},{"time":1.3333,"color":"ffffff00"}]},"fireworks1":{"color":[{"time":1,"color":"ffffffff"},{"time":1.3,"color":"ffffff00"}]},"fireworks2":{"color":[{"time":1.0667,"color":"ffffffff"},{"time":1.3667,"color":"ffffff00"}]},"fireworks3":{"color":[{"time":1,"color":"ffffffff"},{"time":1.3,"color":"ffffff00"}]},"fireworks4":{"color":[{"time":1,"color":"ffffffff"},{"time":1.3,"color":"ffffff00"}]},"fireworks5":{"color":[{"time":1,"color":"ffffffff"},{"time":1.3,"color":"ffffff00"}]},"fireworks6":{"color":[{"time":1.0333,"color":"ffffffff"},{"time":1.3333,"color":"ffffff00"}]},"fireworks7":{"color":[{"time":1,"color":"ffffffff"},{"time":1.3,"color":"ffffff00"}]},"fireworks8":{"color":[{"time":1,"color":"ffffffff"},{"time":1.3,"color":"ffffff00"}]},"fireworks9":{"color":[{"time":1,"color":"ffffffff"},{"time":1.3,"color":"ffffff00"}]},"fireworks10":{"color":[{"time":1,"color":"ffffffff"},{"time":1.3,"color":"ffffff00"}]},"fireworks11":{"color":[{"time":1.0667,"color":"ffffffff"},{"time":1.3667,"color":"ffffff00"}]},"fireworks12":{"color":[{"time":1,"color":"ffffffff"},{"time":1.3,"color":"ffffff00"}]},"fireworks13":{"color":[{"time":1,"color":"ffffffff"},{"time":1.3,"color":"ffffff00"}]},"fireworks14":{"color":[{"time":1.0667,"color":"ffffffff"},{"time":1.3667,"color":"ffffff00"}]},"fireworks15":{"color":[{"time":1,"color":"ffffffff"},{"time":1.3,"color":"ffffff00"}]},"fireworks16":{"color":[{"time":1.0667,"color":"ffffffff"},{"time":1.3667,"color":"ffffff01"}]},"fireworks17":{"color":[{"time":1,"color":"ffffffff"},{"time":1.3,"color":"ffffff00"}]},"fireworks18":{"color":[{"time":0,"color":"ffffff00"},{"time":0.1,"color":"ffffffff","curve":"stepped"},{"time":1,"color":"ffffffff"},{"time":1.3,"color":"ffffff00"}]},"fireworks19":{"color":[{"time":0,"color":"ffffff00"},{"time":0.1,"color":"ffffffff","curve":"stepped"},{"time":1.2,"color":"ffffffff"},{"time":1.3667,"color":"ffffff01"}]},"fireworks20":{"color":[{"time":1,"color":"ffffffff"},{"time":1.3,"color":"ffffff00"}]},"fireworks21":{"color":[{"time":1.0667,"color":"ffffffff"},{"time":1.3667,"color":"ffffff01"}]},"fireworks22":{"color":[{"time":1.0667,"color":"ffffffff"},{"time":1.3667,"color":"ffffff00"}]},"fireworks23":{"color":[{"time":1,"color":"ffffffff"},{"time":1.3,"color":"ffffff00"}]},"fireworks24":{"color":[{"time":1,"color":"ffffffff"},{"time":1.3,"color":"ffffff00"}]},"fireworks25":{"color":[{"time":1,"color":"ffffffff"},{"time":1.3,"color":"ffffff00"}]},"fireworks26":{"color":[{"time":1,"color":"ffffffff"},{"time":1.3,"color":"ffffff00"}]},"fireworks27":{"color":[{"time":1,"color":"ffffffff"},{"time":1.3,"color":"ffffff00"}]},"fireworks28":{"color":[{"time":1,"color":"ffffffff"},{"time":1.3,"color":"ffffff00"}]},"fireworks29":{"color":[{"time":1.0667,"color":"ffffffff"},{"time":1.3667,"color":"ffffff00"}]},"fireworks30":{"color":[{"time":1,"color":"ffffffff"},{"time":1.3,"color":"ffffff00"}]},"fireworks31":{"color":[{"time":1,"color":"ffffffff"},{"time":1.3,"color":"ffffff00"}]},"fireworks32":{"color":[{"time":1.0667,"color":"ffffffff"},{"time":1.3667,"color":"ffffff00"}]},"fireworks33":{"color":[{"time":1,"color":"ffffffff"},{"time":1.3,"color":"ffffff00"}]},"fireworks34":{"color":[{"time":1.0333,"color":"ffffffff"},{"time":1.3333,"color":"ffffff00"}]},"fireworks35":{"color":[{"time":0,"color":"ffffff00"},{"time":0.1,"color":"ffffffff","curve":"stepped"},{"time":1,"color":"ffffffff"},{"time":1.3,"color":"ffffff00"}]},"fireworks36":{"color":[{"time":0,"color":"ffffff00"},{"time":0.1,"color":"ffffffff","curve":"stepped"},{"time":1.2,"color":"ffffffff"},{"time":1.3667,"color":"ffffff01"}]}},"bones":{"root":{"translate":[{"time":0,"x":1.57,"y":0,"curve":"stepped"},{"time":0.2333,"x":1.57,"y":0}]},"bone":{"rotate":[{"time":0,"angle":152.97},{"time":0.2333,"angle":-96.9,"curve":[0.25,0,0.75,1]},{"time":1.3,"angle":19.98}],"translate":[{"time":0,"x":-2.72,"y":-24.44},{"time":0.2333,"x":-2.72,"y":287.9,"curve":[0.25,0,0.75,1]},{"time":1.3,"x":6.49,"y":-206.05}]},"bone2":{"rotate":[{"time":0,"angle":165.78},{"time":1.3,"angle":10.84}],"translate":[{"time":0,"x":-28.52,"y":-100.49},{"time":0.1,"x":-27.98,"y":158.5,"curve":[0.25,0,0.75,1]},{"time":0.2333,"x":42.1,"y":334.07,"curve":[0.25,0,0.75,1]},{"time":1.3,"x":124.44,"y":-145.93}]},"bone3":{"rotate":[{"time":0,"angle":75.33,"curve":"stepped"},{"time":0.0667,"angle":75.33},{"time":0.3,"angle":-98.35},{"time":1.3667,"angle":109.9}],"translate":[{"time":0,"x":-58.99,"y":-169.75},{"time":0.0667,"x":-33.95,"y":-169.75},{"time":0.1667,"x":-51,"y":114.73,"curve":[0.25,0,0.75,1]},{"time":0.3,"x":-1.36,"y":301.48,"curve":[0.25,0,0.75,1]},{"time":1.3667,"x":11.89,"y":-83.35}]},"bone4":{"rotate":[{"time":0.0667,"angle":-106.46},{"time":0.3,"angle":91.23,"curve":[0.25,0,0.75,1]},{"time":1.3667,"angle":-95.48}],"translate":[{"time":0.0667,"x":4.07,"y":-82.84},{"time":0.3,"x":-1.36,"y":301.48,"curve":[0.25,0,0.75,1]},{"time":1.3667,"x":49.96,"y":-145.55}]},"bone5":{"rotate":[{"time":0,"angle":-167.82},{"time":1.3,"angle":-41.04}],"translate":[{"time":0,"x":-29.88,"y":-191.48},{"time":0.1,"x":-1.06,"y":103.37,"curve":[0.25,0,0.75,1]},{"time":0.2333,"x":-31.23,"y":302.83,"curve":[0.25,0,0.75,1]},{"time":1.3,"x":-115.25,"y":-198.5}]},"bone6":{"rotate":[{"time":0,"angle":-172.42},{"time":1.3,"angle":-7.17}],"translate":[{"time":0,"x":-25.8,"y":-253.95},{"time":0.2333,"x":-1.36,"y":301.48,"curve":[0.25,0,0.75,1]},{"time":1.3,"x":-50.1,"y":-155.86}]},"bone7":{"rotate":[{"time":0,"angle":-139.71},{"time":0.2333,"angle":55.4,"curve":[0.25,0,0.75,1]},{"time":1.3,"angle":-154.59}],"translate":[{"time":0,"x":126.29,"y":-137.16},{"time":0.1,"x":147.31,"y":108.59,"curve":[0.25,0,0.75,1]},{"time":0.2333,"x":-1.36,"y":301.48,"curve":[0.25,0,0.75,1]},{"time":1.3,"x":-75.2,"y":-275.52}]},"bone8":{"rotate":[{"time":0,"angle":-97.05},{"time":1.3,"angle":55.9}],"translate":[{"time":0,"x":124.94,"y":-249.87},{"time":0.1,"x":52.65,"y":70.48,"curve":[0.25,0,0.75,1]},{"time":0.2333,"x":-1.36,"y":301.48,"curve":[0.25,0,0.75,1]},{"time":1.3,"x":-9.58,"y":-220.77}]},"bone9":{"rotate":[{"time":0,"angle":0},{"time":0.2333,"angle":151.22},{"time":1.3,"angle":-55.55}],"translate":[{"time":0,"x":-148.02,"y":-264.81},{"time":0.1,"x":-100.11,"y":73.22,"curve":[0.25,0,0.75,1]},{"time":0.2333,"x":-1.36,"y":301.48,"curve":[0.25,0,0.75,1]},{"time":1.3,"x":76.73,"y":-176.43}]},"bone10":{"rotate":[{"time":0,"angle":-154.94},{"time":1.3,"angle":39.62}],"translate":[{"time":0,"x":-221.35,"y":-224.07},{"time":0.1,"x":-151.97,"y":91.37,"curve":[0.25,0,0.75,1]},{"time":0.2333,"x":16.3,"y":298.76,"curve":[0.25,0,0.75,1]},{"time":1.3,"x":77.02,"y":-259.62}]},"bone11":{"rotate":[{"time":0,"angle":76.32},{"time":0.2333,"angle":-104.69,"curve":[0.25,0,0.75,1]},{"time":1.3,"angle":41.34}],"translate":[{"time":0,"x":-300.12,"y":-355.8},{"time":0.1,"x":-242.28,"y":22.27,"curve":[0.25,0,0.75,1]},{"time":0.2333,"x":5.43,"y":274.32,"curve":[0.25,0,0.75,1]},{"time":1.3,"x":10.03,"y":-178.21}]},"bone12":{"rotate":[{"time":0,"angle":42.34,"curve":"stepped"},{"time":0.0667,"angle":42.34},{"time":0.3,"angle":-112.11,"curve":[0.25,0,0.75,1]},{"time":1.3667,"angle":110.49}],"translate":[{"time":0,"x":-167.03,"y":-408.76,"curve":"stepped"},{"time":0.0667,"x":-167.03,"y":-408.76},{"time":0.1667,"x":-139.16,"y":14.46,"curve":[0.25,0,0.75,1]},{"time":0.3,"x":42.1,"y":287.9,"curve":[0.25,0,0.75,1]},{"time":1.3667,"x":69.71,"y":-179.97}]},"bone13":{"rotate":[{"time":0,"angle":-168},{"time":0.2333,"angle":-35.03,"curve":[0.25,0,0.75,1]},{"time":1.3,"angle":146.34}],"translate":[{"time":0,"x":-76.05,"y":-372.09},{"time":0.2333,"x":-1.36,"y":301.48,"curve":[0.25,0,0.75,1]},{"time":1.3,"x":47.73,"y":-120.37}]},"bone14":{"rotate":[{"time":0,"angle":152.98},{"time":0.2333,"angle":-112.59,"curve":[0.25,0,0.75,1]},{"time":1.3,"angle":112.2}],"translate":[{"time":0,"x":8.15,"y":-406.04},{"time":0.2333,"x":-1.36,"y":301.48,"curve":[0.25,0,0.75,1]},{"time":1.3,"x":18.58,"y":-100.43}]},"bone15":{"rotate":[{"time":0,"angle":0,"curve":"stepped"},{"time":0.0667,"angle":0},{"time":0.3,"angle":-170.62,"curve":[0.25,0,0.75,1]},{"time":1.3667,"angle":-13.69}],"translate":[{"time":0,"x":-1.36,"y":-331.23,"curve":"stepped"},{"time":0.0667,"x":-1.36,"y":-331.23},{"time":0.1667,"x":23.04,"y":44.91,"curve":[0.25,0,0.75,1]},{"time":0.3,"x":-1.36,"y":301.48,"curve":[0.25,0,0.75,1]},{"time":1.3667,"x":-57.13,"y":-94.62}]},"bone16":{"rotate":[{"time":0,"angle":177.24},{"time":0.2333,"angle":36.53,"curve":[0.25,0,0.75,1]},{"time":1.3,"angle":-119.86}],"translate":[{"time":0,"x":65.18,"y":-358.51},{"time":0.1,"x":79.29,"y":33.99,"curve":[0.25,0,0.75,1]},{"time":0.2333,"x":-1.36,"y":301.48,"curve":[0.25,0,0.75,1]},{"time":1.3,"x":-94.93,"y":-143.38}]},"bone17":{"rotate":[{"time":0,"angle":-178.53,"curve":"stepped"},{"time":0.0333,"angle":-178.53},{"time":1.3333,"angle":33.89}],"translate":[{"time":0,"x":195.55,"y":-327.28,"curve":"stepped"},{"time":0.0333,"x":195.55,"y":-327.28},{"time":0.1333,"x":168.04,"y":43,"curve":[0.25,0,0.75,1]},{"time":0.2667,"x":-1.36,"y":301.48,"curve":[0.25,0,0.75,1]},{"time":1.3333,"x":-36.7,"y":-221.62}]},"bone18":{"rotate":[{"time":0,"angle":-172.42},{"time":1.3333,"angle":-7.17}],"translate":[{"time":0,"x":-25.8,"y":-253.95},{"time":0.2333,"x":-1.36,"y":301.48,"curve":[0.25,0,0.75,1]},{"time":1.3333,"x":-50.1,"y":-155.86}]},"bone19":{"rotate":[{"time":0,"angle":-97.05},{"time":1.3,"angle":55.9}],"translate":[{"time":0,"x":124.94,"y":-249.87},{"time":0.1,"x":52.65,"y":70.48,"curve":[0.25,0,0.75,1]},{"time":0.2333,"x":-1.36,"y":301.48,"curve":[0.25,0,0.75,1]},{"time":1.3,"x":-9.58,"y":-220.77}]},"bone20":{"rotate":[{"time":0,"angle":75.33,"curve":"stepped"},{"time":0.0667,"angle":75.33},{"time":0.3,"angle":-98.35},{"time":1.3667,"angle":109.9}],"translate":[{"time":0,"x":-58.99,"y":-169.75},{"time":0.0667,"x":-33.95,"y":-169.75},{"time":0.1667,"x":-51,"y":114.73,"curve":[0.25,0,0.75,1]},{"time":0.3,"x":-1.36,"y":301.48,"curve":[0.25,0,0.75,1]},{"time":1.3667,"x":11.89,"y":-83.35}]},"bone21":{"rotate":[{"time":0,"angle":152.97},{"time":0.2333,"angle":-96.9,"curve":[0.25,0,0.75,1]},{"time":1.3,"angle":19.98}],"translate":[{"time":0,"x":-2.72,"y":-24.44},{"time":0.2333,"x":-2.72,"y":287.9,"curve":[0.25,0,0.75,1]},{"time":1.3,"x":6.49,"y":-206.05}]},"bone22":{"rotate":[{"time":0,"angle":165.78},{"time":1.3,"angle":10.84}],"translate":[{"time":0,"x":-28.52,"y":-100.49},{"time":0.1,"x":-27.98,"y":158.5,"curve":[0.25,0,0.75,1]},{"time":0.2333,"x":42.1,"y":334.07,"curve":[0.25,0,0.75,1]},{"time":1.3,"x":124.44,"y":-145.93}]},"bone23":{"rotate":[{"time":0,"angle":75.33,"curve":"stepped"},{"time":0.0667,"angle":75.33},{"time":0.3,"angle":-98.35},{"time":1.3667,"angle":109.9}],"translate":[{"time":0,"x":-58.99,"y":-169.75},{"time":0.0667,"x":-33.95,"y":-169.75},{"time":0.1667,"x":-51,"y":114.73,"curve":[0.25,0,0.75,1]},{"time":0.3,"x":-1.36,"y":301.48,"curve":[0.25,0,0.75,1]},{"time":1.3667,"x":11.89,"y":-83.35}]},"bone24":{"rotate":[{"time":0.0667,"angle":-106.46},{"time":0.3,"angle":91.23,"curve":[0.25,0,0.75,1]},{"time":1.3667,"angle":-95.48}],"translate":[{"time":0.0667,"x":4.07,"y":-82.84},{"time":0.3,"x":-1.36,"y":301.48,"curve":[0.25,0,0.75,1]},{"time":1.3667,"x":49.96,"y":-145.55}]},"bone25":{"rotate":[{"time":0,"angle":-167.82},{"time":1.3,"angle":-41.04}],"translate":[{"time":0,"x":-29.88,"y":-191.48},{"time":0.1,"x":-1.06,"y":103.37,"curve":[0.25,0,0.75,1]},{"time":0.2333,"x":-31.23,"y":302.83,"curve":[0.25,0,0.75,1]},{"time":1.3,"x":-115.25,"y":-198.5}]},"bone26":{"rotate":[{"time":0,"angle":-172.42},{"time":1.3,"angle":-7.17}],"translate":[{"time":0,"x":-25.8,"y":-253.95},{"time":0.2333,"x":-1.36,"y":301.48,"curve":[0.25,0,0.75,1]},{"time":1.3,"x":-50.1,"y":-155.86}]},"bone27":{"rotate":[{"time":0,"angle":-139.71},{"time":0.2333,"angle":55.4,"curve":[0.25,0,0.75,1]},{"time":1.3,"angle":-154.59}],"translate":[{"time":0,"x":126.29,"y":-137.16},{"time":0.1,"x":147.31,"y":108.59,"curve":[0.25,0,0.75,1]},{"time":0.2333,"x":-1.36,"y":301.48,"curve":[0.25,0,0.75,1]},{"time":1.3,"x":-75.2,"y":-275.52}]},"bone28":{"rotate":[{"time":0,"angle":-97.05},{"time":1.3,"angle":55.9}],"translate":[{"time":0,"x":124.94,"y":-249.87},{"time":0.1,"x":52.65,"y":70.48,"curve":[0.25,0,0.75,1]},{"time":0.2333,"x":-1.36,"y":301.48,"curve":[0.25,0,0.75,1]},{"time":1.3,"x":-9.58,"y":-220.77}]},"bone29":{"rotate":[{"time":0,"angle":0},{"time":0.2333,"angle":151.22},{"time":1.3,"angle":-55.55}],"translate":[{"time":0,"x":-148.02,"y":-264.81},{"time":0.1,"x":-100.11,"y":73.22,"curve":[0.25,0,0.75,1]},{"time":0.2333,"x":-1.36,"y":301.48,"curve":[0.25,0,0.75,1]},{"time":1.3,"x":76.73,"y":-176.43}]},"bone30":{"rotate":[{"time":0,"angle":-154.94},{"time":1.3,"angle":39.62}],"translate":[{"time":0,"x":-221.35,"y":-224.07},{"time":0.1,"x":-151.97,"y":91.37,"curve":[0.25,0,0.75,1]},{"time":0.2333,"x":16.3,"y":298.76,"curve":[0.25,0,0.75,1]},{"time":1.3,"x":77.02,"y":-259.62}]},"bone31":{"rotate":[{"time":0,"angle":76.32},{"time":0.2333,"angle":-104.69,"curve":[0.25,0,0.75,1]},{"time":1.3,"angle":41.34}],"translate":[{"time":0,"x":-300.12,"y":-355.8},{"time":0.1,"x":-242.28,"y":22.27,"curve":[0.25,0,0.75,1]},{"time":0.2333,"x":5.43,"y":274.32,"curve":[0.25,0,0.75,1]},{"time":1.3,"x":10.03,"y":-178.21}]},"bone32":{"rotate":[{"time":0,"angle":42.34,"curve":"stepped"},{"time":0.0667,"angle":42.34},{"time":0.3,"angle":-112.11,"curve":[0.25,0,0.75,1]},{"time":1.3667,"angle":110.49}],"translate":[{"time":0,"x":-167.03,"y":-408.76,"curve":"stepped"},{"time":0.0667,"x":-167.03,"y":-408.76},{"time":0.1667,"x":-139.16,"y":14.46,"curve":[0.25,0,0.75,1]},{"time":0.3,"x":42.1,"y":287.9,"curve":[0.25,0,0.75,1]},{"time":1.3667,"x":69.71,"y":-179.97}]},"bone33":{"rotate":[{"time":0,"angle":-168},{"time":0.2333,"angle":-35.03,"curve":[0.25,0,0.75,1]},{"time":1.3,"angle":146.34}],"translate":[{"time":0,"x":-76.05,"y":-372.09},{"time":0.2333,"x":-1.36,"y":301.48,"curve":[0.25,0,0.75,1]},{"time":1.3,"x":47.73,"y":-120.37}]},"bone34":{"rotate":[{"time":0,"angle":152.98},{"time":0.2333,"angle":-112.59,"curve":[0.25,0,0.75,1]},{"time":1.3,"angle":112.2}],"translate":[{"time":0,"x":8.15,"y":-406.04},{"time":0.2333,"x":-1.36,"y":301.48,"curve":[0.25,0,0.75,1]},{"time":1.3,"x":18.58,"y":-100.43}]},"bone35":{"rotate":[{"time":0,"angle":0,"curve":"stepped"},{"time":0.0667,"angle":0},{"time":0.3,"angle":-170.62,"curve":[0.25,0,0.75,1]},{"time":1.3667,"angle":-13.69}],"translate":[{"time":0,"x":-1.36,"y":-331.23,"curve":"stepped"},{"time":0.0667,"x":-1.36,"y":-331.23},{"time":0.1667,"x":23.04,"y":44.91,"curve":[0.25,0,0.75,1]},{"time":0.3,"x":-1.36,"y":301.48,"curve":[0.25,0,0.75,1]},{"time":1.3667,"x":-57.13,"y":-94.62}]},"bone36":{"rotate":[{"time":0,"angle":177.24},{"time":0.2333,"angle":36.53,"curve":[0.25,0,0.75,1]},{"time":1.3,"angle":-119.86}],"translate":[{"time":0,"x":65.18,"y":-358.51},{"time":0.1,"x":79.29,"y":33.99,"curve":[0.25,0,0.75,1]},{"time":0.2333,"x":-1.36,"y":301.48,"curve":[0.25,0,0.75,1]},{"time":1.3,"x":-94.93,"y":-143.38}]},"bone37":{"rotate":[{"time":0,"angle":-178.53,"curve":"stepped"},{"time":0.0333,"angle":-178.53},{"time":1.3333,"angle":33.89}],"translate":[{"time":0,"x":195.55,"y":-327.28,"curve":"stepped"},{"time":0.0333,"x":195.55,"y":-327.28},{"time":0.1333,"x":168.04,"y":43,"curve":[0.25,0,0.75,1]},{"time":0.2667,"x":-1.36,"y":301.48,"curve":[0.25,0,0.75,1]},{"time":1.3333,"x":-36.7,"y":-221.62}]},"bone38":{"rotate":[{"time":0,"angle":-172.42},{"time":1.3333,"angle":-7.17}],"translate":[{"time":0,"x":-25.8,"y":-253.95},{"time":0.2333,"x":-1.36,"y":301.48,"curve":[0.25,0,0.75,1]},{"time":1.3333,"x":-50.1,"y":-155.86}]},"bone39":{"rotate":[{"time":0,"angle":-97.05},{"time":1.3,"angle":55.9}],"translate":[{"time":0,"x":124.94,"y":-249.87},{"time":0.1,"x":52.65,"y":70.48,"curve":[0.25,0,0.75,1]},{"time":0.2333,"x":-1.36,"y":301.48,"curve":[0.25,0,0.75,1]},{"time":1.3,"x":-9.58,"y":-220.77}]},"bone40":{"rotate":[{"time":0,"angle":75.33,"curve":"stepped"},{"time":0.0667,"angle":75.33},{"time":0.3,"angle":-98.35},{"time":1.3667,"angle":109.9}],"translate":[{"time":0,"x":-58.99,"y":-169.75},{"time":0.0667,"x":-33.95,"y":-169.75},{"time":0.1667,"x":-51,"y":114.73,"curve":[0.25,0,0.75,1]},{"time":0.3,"x":-1.36,"y":301.48,"curve":[0.25,0,0.75,1]},{"time":1.3667,"x":11.89,"y":-83.35}]}}}}}