{"skeleton":{"hash":"WT53TQcbL3CKpl+v2aefXywePAg","spine":"3.7.94","width":500,"height":403},"bones":[{"name":"root"},{"name":"zi_houceng","parent":"root","length":78.14,"rotation":1.39,"x":-1.37,"y":39.35},{"name":"luoqi_body","parent":"zi_houceng","length":192.62,"rotation":87.77,"x":161.58,"y":-146.55},{"name":"luoqi_gebo2","parent":"luoqi_body","length":70.6,"rotation":-40.88,"x":161.3,"y":-49.24},{"name":"luoqi_gebo1","parent":"luoqi_body","length":73.52,"rotation":137.02,"x":171.27,"y":47.39},{"name":"luoqi_lian","parent":"luoqi_body","length":15.31,"rotation":0.85,"x":227.16,"y":-0.56},{"name":"luoqi_wg","parent":"luoqi_lian","x":-7.94,"y":1.22},{"name":"luoqi_eye","parent":"luoqi_wg","x":14.43,"y":-0.98},{"name":"luoqi_zui","parent":"luoqi_wg","x":-18.4,"y":0.56},{"name":"luoqi_toushi","parent":"luoqi_body","x":287.76,"y":-5.71},{"name":"yanse","parent":"zi_houceng","x":-2.01,"y":-108.97},{"name":"zi_yuansu1","parent":"zi_houceng","x":-144.01,"y":64.61},{"name":"zi_yuansu2","parent":"zi_houceng","x":-30.37,"y":151.35},{"name":"zi_yuansu3","parent":"zi_houceng","x":5.17,"y":31.38},{"name":"luoqi_ying","parent":"zi_houceng","length":23.95,"rotation":177.11,"x":143.95,"y":11.01},{"name":"zi_yuansu1_ying","parent":"zi_houceng","x":-133.74,"y":46.09},{"name":"zi_yuansu2_ying","parent":"zi_houceng","x":-38.57,"y":125.08},{"name":"zi_yuansu3_ying","parent":"zi_houceng","x":0.4,"y":16.38},{"name":"zi_ying","parent":"root","x":-11,"y":-122.21}],"slots":[{"name":"zi_ying","bone":"zi_ying","attachment":"zi_ying"},{"name":"zi_houceng","bone":"zi_houceng","attachment":"zi_houceng"},{"name":"zi_yuansu2_ying","bone":"zi_yuansu2_ying","attachment":"zi_yuansu2_ying"},{"name":"zi_yuansu1_ying","bone":"zi_yuansu1_ying","attachment":"zi_yuansu1_ying"},{"name":"zi_yuansu3_ying","bone":"zi_yuansu3_ying","attachment":"zi_yuansu3_ying"},{"name":"luoqi_ying","bone":"luoqi_ying","attachment":"luoqi_ying"},{"name":"luoqi_gebo1","bone":"luoqi_gebo1","attachment":"luoqi_gebo1_r"},{"name":"luoqi_shou1_r","bone":"luoqi_gebo1","attachment":"luoqi_shou1_r"},{"name":"luoqi_body","bone":"luoqi_body","attachment":"luoqi_body"},{"name":"luoqi_gebo2","bone":"luoqi_gebo2","attachment":"luoqi_gebo2"},{"name":"luoqi_shou2","bone":"luoqi_gebo2","attachment":"luoqi_shou2"},{"name":"luoqi_lian","bone":"luoqi_lian","attachment":"luoqi_lian"},{"name":"luoqi_eye1","bone":"luoqi_eye","attachment":"luoqi_eye1"},{"name":"luoqi_eye2","bone":"luoqi_eye","attachment":"luoqi_eye2"},{"name":"luoqi_eye_r","bone":"luoqi_eye","attachment":"luoqi_eye_r"},{"name":"luoqi_zui","bone":"luoqi_zui","attachment":"luoqi_zui"},{"name":"luoqi_toushi","bone":"luoqi_toushi","attachment":"luoqi_toushi"},{"name":"zi_yuansu2","bone":"zi_yuansu2","attachment":"zi_yuansu2"},{"name":"zi_yuansu1","bone":"zi_yuansu1","attachment":"zi_yuansu1"},{"name":"zi_yuansu3","bone":"zi_yuansu3","attachment":"zi_yuansu3"},{"name":"yanse","bone":"yanse","attachment":"yanse"}],"skins":{"default":{"luoqi_body":{"luoqi_body":{"x":160.51,"y":5.1,"rotation":-89.15,"width":136,"height":330},"luoqi_body_r":{"x":156.82,"y":4.72,"rotation":-89.15,"width":132,"height":339}},"luoqi_eye1":{"luoqi_eye1":{"x":-0.55,"y":19.9,"rotation":-90,"width":23,"height":33}},"luoqi_eye2":{"luoqi_eye2":{"x":-2.55,"y":-19.1,"rotation":-90,"width":21,"height":33}},"luoqi_eye_r":{"luoqi_eye_r":{"x":0.48,"y":-0.41,"rotation":-90,"width":75,"height":33}},"luoqi_gebo1":{"luoqi_gebo1":{"x":63.76,"y":13.55,"rotation":133.82,"width":77,"height":142},"luoqi_gebo1_r":{"x":66.36,"y":2.29,"rotation":-115.82,"width":77,"height":142}},"luoqi_gebo2":{"luoqi_gebo2":{"x":62.73,"y":17.56,"rotation":-48.27,"width":58,"height":141},"luoqi_gebo2_r":{"x":61.72,"y":12.8,"rotation":-48.27,"width":76,"height":140}},"luoqi_lian":{"luoqi_lian":{"x":6.44,"y":0.65,"rotation":-90,"width":86,"height":80}},"luoqi_shou1_r":{"luoqi_shou1_r":{"x":117.34,"y":-9.14,"rotation":-130.32,"width":32,"height":39}},"luoqi_shou2":{"luoqi_shou2":{"x":94.38,"y":63.21,"rotation":-48.27,"width":32,"height":43},"luoqi_shou2_r":{"x":106.54,"y":37.37,"rotation":-48.27,"width":32,"height":39}},"luoqi_toushi":{"luoqi_toushi":{"x":0.41,"y":0.2,"rotation":-89.15,"width":37,"height":29}},"luoqi_ying":{"luoqi_ying":{"x":13.79,"y":19.4,"rotation":-178.49,"width":204,"height":309},"luoqi_ying2":{"x":12.78,"y":19.96,"rotation":-178.49,"width":188,"height":309}},"luoqi_zui":{"luoqi_zui":{"x":0.28,"y":-0.13,"rotation":-90,"width":14,"height":5},"luoqi_zui_r":{"x":10.47,"y":0.91,"rotation":-90,"width":18,"height":11}},"yanse":{"yanse":{"x":2.9,"y":7.38,"rotation":-1.39,"width":450,"height":119}},"zi_houceng":{"zi_houceng":{"x":2.73,"y":-5.11,"rotation":-1.39,"width":457,"height":312}},"zi_ying":{"zi_ying":{"x":7.47,"y":1.52,"width":431,"height":92}},"zi_yuansu1":{"zi_yuansu1":{"x":0.89,"y":0.33,"rotation":-1.39,"width":128,"height":95}},"zi_yuansu1_ying":{"zi_yuansu1_ying":{"x":0.19,"y":1.12,"rotation":-1.39,"width":128,"height":94}},"zi_yuansu2":{"zi_yuansu2":{"x":-9.24,"y":-4.39,"rotation":-1.39,"width":125,"height":102}},"zi_yuansu2_ying":{"zi_yuansu2_ying":{"x":-0.31,"y":-9.64,"rotation":-1.39,"width":122,"height":73}},"zi_yuansu3":{"zi_yuansu3":{"x":-1.16,"y":-4.01,"rotation":-1.39,"width":110,"height":73}},"zi_yuansu3_ying":{"zi_yuansu3_ying":{"x":2.69,"y":-6.49,"rotation":-1.39,"width":111,"height":72}}}},"animations":{"luoqi_daan_dianji":{"slots":{"luoqi_body":{"attachment":[{"time":0,"name":"luoqi_body_r"}]},"luoqi_eye1":{"attachment":[{"time":0,"name":null}]},"luoqi_eye2":{"attachment":[{"time":0,"name":null}]},"luoqi_eye_r":{"attachment":[{"time":0,"name":"luoqi_eye_r"}]},"luoqi_gebo1":{"attachment":[{"time":0,"name":"luoqi_gebo1_r"}]},"luoqi_gebo2":{"attachment":[{"time":0,"name":"luoqi_gebo2_r"}]},"luoqi_shou1_r":{"attachment":[{"time":0,"name":"luoqi_shou1_r"}]},"luoqi_shou2":{"attachment":[{"time":0,"name":"luoqi_shou2_r"}]},"luoqi_ying":{"attachment":[{"time":0,"name":"luoqi_ying2"}]},"luoqi_zui":{"attachment":[{"time":0,"name":"luoqi_zui_r"}]}},"bones":{"luoqi_ying":{"rotate":[{"time":0,"angle":0}],"translate":[{"time":0,"x":0,"y":0}],"scale":[{"time":0,"x":1,"y":1,"curve":[0.25,0,0.75,1]},{"time":0.3333,"x":1.094,"y":1,"curve":[0.25,0,0.75,1]},{"time":0.5667,"x":0.897,"y":1,"curve":[0.25,0,0.75,1]},{"time":0.8667,"x":1.077,"y":1,"curve":[0.25,0,0.75,1]},{"time":1.2,"x":1,"y":1}]},"luoqi_gebo1":{"rotate":[{"time":0,"angle":-103.76,"curve":[0.25,0,0.75,1]},{"time":0.4,"angle":-69.63},{"time":0.6333,"angle":-111.11,"curve":[0.25,0,0.75,1]},{"time":0.9333,"angle":-92.97,"curve":[0.25,0,0.75,1]},{"time":1.2,"angle":-108.64,"curve":[0.25,0,0.75,1]},{"time":1.4667,"angle":-103.76}],"translate":[{"time":0,"x":-11.65,"y":-0.17,"curve":[0.25,0,0.75,1]},{"time":0.4,"x":-16.19,"y":-59.7},{"time":0.6333,"x":-6.53,"y":7.88,"curve":[0.25,0,0.75,1]},{"time":0.9333,"x":-17.13,"y":-3.79,"curve":[0.25,0,0.75,1]},{"time":1.2,"x":-11.65,"y":-0.17,"curve":"stepped"},{"time":1.4667,"x":-11.65,"y":-0.17}],"scale":[{"time":0,"x":1,"y":1}]},"luoqi_eye":{"rotate":[{"time":0,"angle":0}],"translate":[{"time":0,"x":0,"y":0,"curve":"stepped"},{"time":0.2,"x":0,"y":0,"curve":[0.25,0,0.75,1]},{"time":0.4333,"x":-7.23,"y":0,"curve":[0.25,0,0.75,1]},{"time":0.6,"x":0,"y":0}],"scale":[{"time":0,"x":1,"y":1,"curve":"stepped"},{"time":0.2,"x":1,"y":1,"curve":[0.25,0,0.75,1]},{"time":0.4333,"x":0.128,"y":1,"curve":[0.25,0,0.75,1]},{"time":0.6,"x":1,"y":1}]},"luoqi_body":{"rotate":[{"time":0,"angle":0}],"translate":[{"time":0,"x":0,"y":0}],"scale":[{"time":0,"x":1,"y":1,"curve":[0.25,0,0.304,1]},{"time":0.3333,"x":0.882,"y":1},{"time":0.5333,"x":1.064,"y":1,"curve":[0.25,0,0.304,1]},{"time":0.8667,"x":0.95,"y":1,"curve":[0.25,0,0.304,1]},{"time":1.2,"x":1,"y":1}]},"luoqi_gebo2":{"rotate":[{"time":0,"angle":0,"curve":[0.25,0,0.75,1]},{"time":0.4,"angle":-43.29,"curve":[0.25,0,0.75,1]},{"time":0.6333,"angle":8.04,"curve":[0.25,0,0.75,1]},{"time":0.9333,"angle":-17.96,"curve":[0.25,0,0.75,1]},{"time":1.2,"angle":4.37},{"time":1.4667,"angle":0}],"translate":[{"time":0,"x":0,"y":0,"curve":[0.25,0,0.75,1]},{"time":0.4,"x":-3.82,"y":63.75,"curve":[0.25,0,0.75,1]},{"time":0.6333,"x":5.24,"y":0.08,"curve":[0.25,0,0.75,1]},{"time":0.9333,"x":-1.87,"y":1.75,"curve":[0.25,0,0.75,1]},{"time":1.2,"x":0,"y":0,"curve":"stepped"},{"time":1.4667,"x":0,"y":0}],"scale":[{"time":0,"x":1,"y":1}]},"luoqi_lian":{"rotate":[{"time":0,"angle":0}],"translate":[{"time":0,"x":0,"y":0,"curve":[0.25,0,0.75,1]},{"time":0.4,"x":-11.47,"y":-0.16,"curve":[0.25,0,0.75,1]},{"time":0.6,"x":6.97,"y":0.11,"curve":[0.25,0,0.75,1]},{"time":0.9333,"x":0,"y":0}],"scale":[{"time":0,"x":1,"y":1,"curve":[0.25,0,0.75,1]},{"time":0.4,"x":0.915,"y":1.047,"curve":[0.25,0,0.75,1]},{"time":0.6,"x":1,"y":1,"curve":"stepped"},{"time":0.9333,"x":1,"y":1}]},"luoqi_toushi":{"rotate":[{"time":0,"angle":0}],"translate":[{"time":0,"x":0,"y":0,"curve":[0.25,0,0.75,1]},{"time":0.4,"x":-19.91,"y":-0.28,"curve":[0.25,0,0.75,1]},{"time":0.6,"x":4.76,"y":0.1,"curve":[0.25,0,0.75,1]},{"time":0.9,"x":0,"y":0}],"scale":[{"time":0,"x":1,"y":1}]},"luoqi_wg":{"rotate":[{"time":0,"angle":0}],"translate":[{"time":0,"x":0,"y":0,"curve":[0.25,0,0.75,1]},{"time":0.3667,"x":-7.07,"y":0.01,"curve":[0.25,0,0.75,1]},{"time":0.6,"x":5.33,"y":0.02,"curve":[0.25,0,0.75,1]},{"time":0.8333,"x":0,"y":0}],"scale":[{"time":0,"x":1,"y":1}]},"zi_houceng":{"rotate":[{"time":0,"angle":0,"curve":"stepped"},{"time":0.4,"angle":0,"curve":"stepped"},{"time":0.7,"angle":0,"curve":"stepped"},{"time":1.0333,"angle":0,"curve":"stepped"},{"time":1.3,"angle":0}],"translate":[{"time":0,"x":0,"y":0,"curve":"stepped"},{"time":0.4,"x":0,"y":0,"curve":"stepped"},{"time":0.7,"x":0,"y":0,"curve":"stepped"},{"time":1.0333,"x":0,"y":0,"curve":"stepped"},{"time":1.3,"x":0,"y":0}],"scale":[{"time":0,"x":1,"y":1,"curve":[0.25,0,0.75,1]},{"time":0.4,"x":0.93,"y":0.93,"curve":[0.25,0,0.75,1]},{"time":0.7,"x":1.043,"y":1.043,"curve":[0.25,0,0.75,1]},{"time":1.0333,"x":0.95,"y":0.95,"curve":[0.25,0,0.75,1]},{"time":1.3,"x":1,"y":1}]},"zi_ying":{"rotate":[{"time":0,"angle":0,"curve":"stepped"},{"time":0.4,"angle":0,"curve":"stepped"},{"time":0.7,"angle":0,"curve":"stepped"},{"time":1.0333,"angle":0,"curve":"stepped"},{"time":1.3,"angle":0}],"translate":[{"time":0,"x":0,"y":0,"curve":"stepped"},{"time":0.4,"x":0,"y":0,"curve":[0.25,0,0.75,1]},{"time":0.7,"x":0,"y":-8.02,"curve":[0.25,0,0.75,1]},{"time":1.0333,"x":0,"y":0,"curve":"stepped"},{"time":1.3,"x":0,"y":0}],"scale":[{"time":0,"x":1,"y":1,"curve":[0.25,0,0.75,1]},{"time":0.4,"x":0.93,"y":0.93,"curve":[0.25,0,0.75,1]},{"time":0.7,"x":1.043,"y":1.043,"curve":[0.25,0,0.75,1]},{"time":1.0333,"x":0.95,"y":0.95,"curve":[0.25,0,0.75,1]},{"time":1.3,"x":1,"y":1}]},"zi_yuansu1":{"scale":[{"time":0,"x":1,"y":1},{"time":0.6333,"x":0.605,"y":0.605},{"time":0.9667,"x":1.491,"y":1.491},{"time":1.3,"x":0.761,"y":0.761},{"time":1.6,"x":1,"y":1}]},"zi_yuansu1_ying":{"scale":[{"time":0,"x":1,"y":1},{"time":0.6333,"x":0.605,"y":0.605},{"time":0.9667,"x":1.491,"y":1.491},{"time":1.3,"x":0.761,"y":0.761},{"time":1.6,"x":1,"y":1}]},"zi_yuansu2":{"scale":[{"time":0,"x":1,"y":1},{"time":0.6667,"x":0.605,"y":0.605},{"time":1,"x":1.491,"y":1.491},{"time":1.3333,"x":0.761,"y":0.761},{"time":1.6333,"x":1,"y":1}]},"zi_yuansu2_ying":{"scale":[{"time":0,"x":1,"y":1},{"time":0.6667,"x":0.605,"y":0.605},{"time":1,"x":1.491,"y":1.491},{"time":1.3333,"x":0.761,"y":0.761},{"time":1.6333,"x":1,"y":1}]},"zi_yuansu3":{"scale":[{"time":0,"x":1,"y":1},{"time":0.5333,"x":0.605,"y":0.605},{"time":0.8667,"x":1.491,"y":1.491},{"time":1.2,"x":0.761,"y":0.761},{"time":1.5,"x":1,"y":1}]},"zi_yuansu3_ying":{"scale":[{"time":0,"x":1,"y":1},{"time":0.5333,"x":0.605,"y":0.605},{"time":0.8667,"x":1.491,"y":1.491},{"time":1.2,"x":0.761,"y":0.761},{"time":1.5,"x":1,"y":1}]}},"drawOrder":[{"time":0,"offsets":[{"slot":"luoqi_body","offset":2}]}]},"luoqi_daan_idle":{"slots":{"luoqi_body":{"attachment":[{"time":0,"name":"luoqi_body_r"}]},"luoqi_eye1":{"attachment":[{"time":0,"name":null}]},"luoqi_eye2":{"attachment":[{"time":0,"name":null}]},"luoqi_eye_r":{"attachment":[{"time":0,"name":"luoqi_eye_r"}]},"luoqi_gebo1":{"attachment":[{"time":0,"name":"luoqi_gebo1_r"},{"time":1.8333,"name":"luoqi_gebo1_r"}]},"luoqi_gebo2":{"attachment":[{"time":0,"name":"luoqi_gebo2_r"},{"time":1.8333,"name":"luoqi_gebo2_r"}]},"luoqi_shou1_r":{"attachment":[{"time":0,"name":"luoqi_shou1_r"},{"time":1.8333,"name":"luoqi_shou1_r"}]},"luoqi_shou2":{"attachment":[{"time":0,"name":"luoqi_shou2_r"},{"time":1.8333,"name":"luoqi_shou2_r"}]},"luoqi_ying":{"attachment":[{"time":0,"name":"luoqi_ying2"}]},"luoqi_zui":{"attachment":[{"time":0,"name":"luoqi_zui_r"}]}},"bones":{"luoqi_ying":{"rotate":[{"time":0,"angle":0}],"translate":[{"time":0,"x":0,"y":0}],"scale":[{"time":0,"x":1,"y":1,"curve":[0.25,0,0.75,1]},{"time":0.9333,"x":1.09,"y":1,"curve":[0.25,0,0.75,1]},{"time":1.8333,"x":1,"y":1}]},"luoqi_gebo1":{"rotate":[{"time":0,"angle":-103.76,"curve":[0.243,0,0.655,0.63]},{"time":0.9,"angle":-110.37,"curve":[0.382,0.58,0.731,1]},{"time":1.8333,"angle":-103.76}],"translate":[{"time":0,"x":-11.65,"y":-0.17,"curve":"stepped"},{"time":1.8333,"x":-11.65,"y":-0.17}],"scale":[{"time":0,"x":1,"y":1},{"time":0.9,"x":0.895,"y":1.05},{"time":1.8333,"x":1,"y":1}]},"luoqi_eye":{"rotate":[{"time":0,"angle":0}],"translate":[{"time":0,"x":0,"y":0,"curve":[0.25,0,0.75,1]},{"time":1.1,"x":-1.25,"y":0,"curve":[0.25,0,0.75,1]},{"time":1.8333,"x":0,"y":0}],"scale":[{"time":0,"x":1,"y":1,"curve":[0.243,0,0.653,0.62]},{"time":1.1,"x":0.881,"y":1.022,"curve":[0.382,0.58,0.732,1]},{"time":1.8333,"x":1,"y":1}]},"luoqi_body":{"rotate":[{"time":0,"angle":0}],"translate":[{"time":0,"x":0,"y":0}],"scale":[{"time":0,"x":1,"y":1,"curve":[0.25,0,0.304,1]},{"time":1,"x":0.924,"y":1,"curve":[0.25,0,0.75,1]},{"time":1.8333,"x":1,"y":1}]},"luoqi_gebo2":{"rotate":[{"time":0,"angle":0,"curve":[0.246,0,0.634,0.54]},{"time":0.9333,"angle":4.74,"curve":[0.334,0.34,0.668,0.67]},{"time":1.8333,"angle":0}],"translate":[{"time":0,"x":0,"y":0,"curve":"stepped"},{"time":1.8333,"x":0,"y":0}],"scale":[{"time":0,"x":1,"y":1},{"time":0.9333,"x":0.878,"y":1.074},{"time":1.8333,"x":1,"y":1}]},"luoqi_lian":{"rotate":[{"time":0,"angle":0}],"translate":[{"time":0,"x":0,"y":0,"curve":[0.25,0,0.75,1]},{"time":1.1,"x":-6.79,"y":-0.1,"curve":[0.25,0,0.75,1]},{"time":1.8333,"x":0,"y":0}],"scale":[{"time":0,"x":1,"y":1,"curve":[0.25,0,0.75,1]},{"time":1.1,"x":0.932,"y":1,"curve":[0.25,0,0.75,1]},{"time":1.8333,"x":1,"y":1}]},"luoqi_toushi":{"rotate":[{"time":0,"angle":0}],"translate":[{"time":0,"x":0,"y":0,"curve":[0.245,0,0.637,0.56]},{"time":1.1,"x":-8.34,"y":-0.12,"curve":[0.381,0.55,0.742,1]},{"time":1.8333,"x":0,"y":0}],"scale":[{"time":0,"x":1,"y":1}]},"luoqi_wg":{"rotate":[{"time":0,"angle":0}],"translate":[{"time":0,"x":0,"y":0,"curve":[0.243,0,0.65,0.6]},{"time":1.1,"x":-3.93,"y":0,"curve":[0.382,0.57,0.735,1]},{"time":1.8333,"x":0,"y":0}],"scale":[{"time":0,"x":1,"y":1}]},"zi_houceng":{"rotate":[{"time":0,"angle":0,"curve":"stepped"},{"time":1.8333,"angle":0}],"translate":[{"time":0,"x":0,"y":0,"curve":"stepped"},{"time":1.8333,"x":0,"y":0}],"scale":[{"time":0,"x":1,"y":1,"curve":[0.243,0,0.655,0.63]},{"time":1.1667,"x":0.945,"y":0.945,"curve":[0.382,0.58,0.731,1]},{"time":1.8333,"x":1,"y":1}]},"zi_ying":{"rotate":[{"time":0,"angle":0,"curve":"stepped"},{"time":1.8333,"angle":0}],"translate":[{"time":0,"x":0,"y":0,"curve":[0.25,0,0.75,1]},{"time":1.1667,"x":0,"y":5.48,"curve":[0.25,0,0.75,1]},{"time":1.8333,"x":0,"y":0}],"scale":[{"time":0,"x":1,"y":1,"curve":[0.243,0,0.655,0.63]},{"time":1.1667,"x":0.945,"y":0.945,"curve":[0.382,0.58,0.731,1]},{"time":1.8333,"x":1,"y":1}]},"zi_yuansu1":{"rotate":[{"time":0,"angle":0,"curve":"stepped"},{"time":1.8333,"angle":0}],"translate":[{"time":0,"x":0,"y":0,"curve":"stepped"},{"time":1.8333,"x":0,"y":0}],"scale":[{"time":0,"x":1,"y":1,"curve":[0.25,0,0.75,1]},{"time":1,"x":1.237,"y":1.237,"curve":[0.25,0,0.75,1]},{"time":1.8333,"x":1,"y":1}]},"zi_yuansu1_ying":{"rotate":[{"time":0,"angle":0,"curve":"stepped"},{"time":1.8333,"angle":0}],"translate":[{"time":0,"x":0,"y":0,"curve":"stepped"},{"time":1.8333,"x":0,"y":0}],"scale":[{"time":0,"x":1,"y":1,"curve":[0.25,0,0.75,1]},{"time":1,"x":1.237,"y":1.237,"curve":[0.25,0,0.75,1]},{"time":1.8333,"x":1,"y":1}]},"zi_yuansu2":{"rotate":[{"time":0,"angle":0,"curve":"stepped"},{"time":1.8333,"angle":0}],"translate":[{"time":0,"x":0,"y":0,"curve":"stepped"},{"time":1.8333,"x":0,"y":0}],"scale":[{"time":0,"x":1,"y":1,"curve":[0.25,0,0.75,1]},{"time":0.8333,"x":1.237,"y":1.237,"curve":[0.25,0,0.75,1]},{"time":1.8333,"x":1,"y":1}]},"zi_yuansu2_ying":{"rotate":[{"time":0,"angle":0,"curve":"stepped"},{"time":1.8333,"angle":0}],"translate":[{"time":0,"x":0,"y":0,"curve":"stepped"},{"time":1.8333,"x":0,"y":0}],"scale":[{"time":0,"x":1,"y":1,"curve":[0.25,0,0.75,1]},{"time":0.8333,"x":1.237,"y":1.237,"curve":[0.25,0,0.75,1]},{"time":1.8333,"x":1,"y":1}]},"zi_yuansu3":{"rotate":[{"time":0,"angle":0,"curve":"stepped"},{"time":1.8333,"angle":0}],"translate":[{"time":0,"x":0,"y":0,"curve":"stepped"},{"time":1.8333,"x":0,"y":0}],"scale":[{"time":0,"x":1,"y":1,"curve":[0.25,0,0.75,1]},{"time":0.6667,"x":1.237,"y":1.237,"curve":[0.25,0,0.75,1]},{"time":1.8333,"x":1,"y":1}]},"zi_yuansu3_ying":{"rotate":[{"time":0,"angle":0,"curve":"stepped"},{"time":1.8333,"angle":0}],"translate":[{"time":0,"x":0,"y":0,"curve":"stepped"},{"time":1.8333,"x":0,"y":0}],"scale":[{"time":0,"x":1,"y":1,"curve":[0.25,0,0.75,1]},{"time":0.6667,"x":1.237,"y":1.237,"curve":[0.25,0,0.75,1]},{"time":1.8333,"x":1,"y":1}]}},"drawOrder":[{"time":0,"offsets":[{"slot":"luoqi_body","offset":2}]},{"time":1.8333,"offsets":[{"slot":"luoqi_body","offset":2}]}]},"luoqi_dianji":{"slots":{"luoqi_eye_r":{"attachment":[{"time":0,"name":null}]},"luoqi_gebo1":{"attachment":[{"time":0,"name":"luoqi_gebo1"}]},"luoqi_shou1_r":{"attachment":[{"time":0,"name":null}]},"luoqi_ying":{"attachment":[{"time":0,"name":"luoqi_ying"}]}},"bones":{"luoqi_ying":{"scale":[{"time":0,"x":1,"y":1,"curve":[0.25,0,0.75,1]},{"time":0.2667,"x":1.126,"y":1,"curve":[0.25,0,0.75,1]},{"time":0.5667,"x":0.844,"y":1,"curve":[0.25,0,0.75,1]},{"time":0.8333,"x":0.994,"y":1,"curve":[0.25,0,0.75,1]},{"time":1.1,"x":0.966,"y":1,"curve":[0.25,0,0.75,1]},{"time":1.3333,"x":1,"y":1}]},"luoqi_gebo1":{"rotate":[{"time":0,"angle":0,"curve":[0.25,0,0.75,1]},{"time":0.3,"angle":-8.39,"curve":[0.25,0,0.75,1]},{"time":0.5333,"angle":6.74,"curve":[0.25,0,0.75,1]},{"time":0.8333,"angle":-0.5,"curve":[0.25,0,0.75,1]},{"time":1.1667,"angle":3.59,"curve":[0.25,0,0.75,1]},{"time":1.5,"angle":0}],"translate":[{"time":0,"x":0,"y":0}],"scale":[{"time":0,"x":1,"y":1}]},"luoqi_eye":{"scale":[{"time":0,"x":1,"y":1,"curve":[0.25,0,0.75,1]},{"time":0.2667,"x":0.148,"y":1.115,"curve":[0.25,0,0.75,1]},{"time":0.5,"x":1,"y":1}]},"luoqi_body":{"rotate":[{"time":0,"angle":0,"curve":"stepped"},{"time":0.2333,"angle":0,"curve":[0.25,0,0.75,1]},{"time":0.5333,"angle":-1.51,"curve":[0.25,0,0.75,1]},{"time":0.8333,"angle":0}],"translate":[{"time":0,"x":0,"y":0.59}],"scale":[{"time":0,"x":1,"y":1,"curve":[0.25,0,0.304,1]},{"time":0.2333,"x":0.88,"y":1,"curve":[0.25,0,0.75,1]},{"time":0.5333,"x":1.18,"y":1,"curve":[0.25,0,0.304,1]},{"time":0.8333,"x":0.902,"y":1,"curve":[0.25,0,0.75,1]},{"time":1.1,"x":1.052,"y":1,"curve":[0.25,0,0.304,1]},{"time":1.3667,"x":1,"y":1}]},"luoqi_gebo2":{"rotate":[{"time":0,"angle":0,"curve":[0.25,0,0.625,0.5]},{"time":0.1667,"angle":15.01,"curve":[0.375,0.5,0.75,1]},{"time":0.3333,"angle":21.94,"curve":[0.25,0,0.75,1]},{"time":0.7333,"angle":0}],"translate":[{"time":0,"x":0,"y":0,"curve":"stepped"},{"time":0.7333,"x":0,"y":0}],"scale":[{"time":0,"x":1,"y":1},{"time":0.1667,"x":1.373,"y":1},{"time":0.3333,"x":1,"y":1,"curve":[0.246,0,0.635,0.55]},{"time":0.5667,"x":1.182,"y":1,"curve":[0.381,0.54,0.744,1]},{"time":0.7333,"x":1,"y":1}]},"luoqi_lian":{"rotate":[{"time":0,"angle":0,"curve":"stepped"},{"time":1.4333,"angle":0}],"translate":[{"time":0,"x":0,"y":0,"curve":[0.25,0,0.75,1]},{"time":0.2667,"x":-19.41,"y":-0.28,"curve":[0.25,0,0.75,1]},{"time":0.6,"x":10.12,"y":0.41,"curve":[0.25,0,0.75,1]},{"time":0.9,"x":-3.25,"y":0.23,"curve":[0.25,0,0.75,1]},{"time":1.1667,"x":5.28,"y":-1.08,"curve":[0.25,0,0.75,1]},{"time":1.4333,"x":0,"y":0}],"scale":[{"time":0,"x":1,"y":1,"curve":[0.25,0,0.75,1]},{"time":0.2667,"x":0.851,"y":1.039,"curve":[0.25,0,0.75,1]},{"time":0.6,"x":1.046,"y":1,"curve":[0.25,0,0.75,1]},{"time":0.9,"x":0.835,"y":1.062,"curve":[0.25,0,0.75,1]},{"time":1.1667,"x":1.034,"y":0.998,"curve":[0.25,0,0.75,1]},{"time":1.4333,"x":1,"y":1}]},"luoqi_toushi":{"rotate":[{"time":0,"angle":0}],"translate":[{"time":0,"x":0,"y":0,"curve":[0.25,0,0.75,1]},{"time":0.2667,"x":-30.45,"y":-0.44,"curve":[0.25,0,0.75,1]},{"time":0.6,"x":7.24,"y":0.37,"curve":[0.25,0,0.75,1]},{"time":0.9,"x":-11.55,"y":0.12,"curve":[0.25,0,0.75,1]},{"time":1.1667,"x":5.33,"y":0.37,"curve":[0.25,0,0.75,1]},{"time":1.4667,"x":0,"y":0}],"scale":[{"time":0,"x":1,"y":1}]},"luoqi_wg":{"rotate":[{"time":0,"angle":0}],"translate":[{"time":0,"x":0,"y":0}],"scale":[{"time":0,"x":1,"y":1}]},"zi_houceng":{"rotate":[{"time":0,"angle":0,"curve":"stepped"},{"time":0.1667,"angle":0,"curve":"stepped"},{"time":0.4,"angle":0,"curve":"stepped"},{"time":0.6667,"angle":0,"curve":"stepped"},{"time":0.9,"angle":0}],"translate":[{"time":0,"x":0,"y":0,"curve":"stepped"},{"time":0.1667,"x":0,"y":0,"curve":"stepped"},{"time":0.4,"x":0,"y":0,"curve":"stepped"},{"time":0.6667,"x":0,"y":0,"curve":"stepped"},{"time":0.9,"x":0,"y":0}],"scale":[{"time":0,"x":1.049,"y":1.049,"curve":[0.25,0,0.75,1]},{"time":0.1667,"x":0.861,"y":0.861,"curve":[0.25,0,0.75,1]},{"time":0.4,"x":1.171,"y":1.171,"curve":[0.25,0,0.75,1]},{"time":0.6667,"x":0.998,"y":0.998,"curve":[0.25,0,0.75,1]},{"time":0.9,"x":1.049,"y":1.049}]},"zi_ying":{"rotate":[{"time":0,"angle":0,"curve":"stepped"},{"time":0.1667,"angle":0,"curve":"stepped"},{"time":0.4,"angle":0,"curve":"stepped"},{"time":0.6667,"angle":0,"curve":"stepped"},{"time":0.9,"angle":0}],"translate":[{"time":0,"x":0,"y":0,"curve":"stepped"},{"time":0.1667,"x":0,"y":0,"curve":[0.25,0,0.75,1]},{"time":0.4,"x":0,"y":-8.29,"curve":[0.25,0,0.75,1]},{"time":0.6667,"x":0,"y":0,"curve":"stepped"},{"time":0.9,"x":0,"y":0}],"scale":[{"time":0,"x":1,"y":1,"curve":[0.25,0,0.75,1]},{"time":0.2,"x":0.906,"y":0.906,"curve":[0.25,0,0.75,1]},{"time":0.4333,"x":1.251,"y":1.251,"curve":[0.25,0,0.75,1]},{"time":0.7,"x":0.816,"y":0.816,"curve":[0.25,0,0.75,1]},{"time":0.9,"x":1,"y":1}]},"zi_yuansu1":{"rotate":[{"time":0,"angle":0,"curve":"stepped"},{"time":0.1667,"angle":0,"curve":"stepped"},{"time":1.3333,"angle":0}],"translate":[{"time":0,"x":0,"y":0,"curve":"stepped"},{"time":0.1667,"x":0,"y":0,"curve":"stepped"},{"time":1.3333,"x":0,"y":0}],"scale":[{"time":0,"x":1,"y":1,"curve":[0.25,0,0.75,1]},{"time":0.1667,"x":0.675,"y":0.675,"curve":[0.25,0,0.75,1]},{"time":0.5,"x":1.438,"y":1.438,"curve":[0.25,0,0.75,1]},{"time":0.8,"x":0.868,"y":0.868,"curve":[0.25,0,0.75,1]},{"time":1.0667,"x":1.071,"y":1.071,"curve":[0.25,0,0.75,1]},{"time":1.3333,"x":1,"y":1}]},"zi_yuansu2":{"rotate":[{"time":0,"angle":0,"curve":"stepped"},{"time":0.2667,"angle":0,"curve":"stepped"},{"time":1.4333,"angle":0}],"translate":[{"time":0,"x":0,"y":0,"curve":"stepped"},{"time":0.2667,"x":0,"y":0,"curve":"stepped"},{"time":1.4333,"x":0,"y":0}],"scale":[{"time":0,"x":1,"y":1,"curve":[0.25,0,0.75,1]},{"time":0.2667,"x":0.689,"y":0.689,"curve":[0.25,0,0.75,1]},{"time":0.6,"x":1.372,"y":1.372,"curve":[0.25,0,0.75,1]},{"time":0.9,"x":0.868,"y":0.868,"curve":[0.25,0,0.75,1]},{"time":1.1667,"x":1.071,"y":1.071,"curve":[0.25,0,0.75,1]},{"time":1.4333,"x":1,"y":1}]},"zi_yuansu3":{"rotate":[{"time":0,"angle":0,"curve":"stepped"},{"time":0.3333,"angle":0,"curve":"stepped"},{"time":1.5,"angle":0}],"translate":[{"time":0,"x":0,"y":0,"curve":"stepped"},{"time":0.3333,"x":0,"y":0,"curve":"stepped"},{"time":1.5,"x":0,"y":0}],"scale":[{"time":0,"x":1,"y":1,"curve":[0.25,0,0.75,1]},{"time":0.3333,"x":0.606,"y":0.606,"curve":[0.25,0,0.75,1]},{"time":0.6667,"x":1.207,"y":1.207,"curve":[0.25,0,0.75,1]},{"time":0.9667,"x":0.868,"y":0.868,"curve":[0.25,0,0.75,1]},{"time":1.2333,"x":1.071,"y":1.071,"curve":[0.25,0,0.75,1]},{"time":1.5,"x":1,"y":1}]},"zi_yuansu2_ying":{"rotate":[{"time":0,"angle":0,"curve":"stepped"},{"time":0.2667,"angle":0,"curve":"stepped"},{"time":1.4333,"angle":0}],"translate":[{"time":0,"x":0,"y":0,"curve":"stepped"},{"time":0.2667,"x":0,"y":0,"curve":"stepped"},{"time":1.4333,"x":0,"y":0}],"scale":[{"time":0,"x":1,"y":1,"curve":[0.25,0,0.75,1]},{"time":0.2667,"x":0.689,"y":0.689,"curve":[0.25,0,0.75,1]},{"time":0.6,"x":1.207,"y":1.207,"curve":[0.25,0,0.75,1]},{"time":0.9,"x":0.868,"y":0.868,"curve":[0.25,0,0.75,1]},{"time":1.1667,"x":1.071,"y":1.071,"curve":[0.25,0,0.75,1]},{"time":1.4333,"x":1,"y":1}]},"zi_yuansu1_ying":{"rotate":[{"time":0,"angle":0,"curve":"stepped"},{"time":0.1667,"angle":0,"curve":"stepped"},{"time":1.3333,"angle":0}],"translate":[{"time":0,"x":0,"y":0,"curve":"stepped"},{"time":0.1667,"x":0,"y":0,"curve":"stepped"},{"time":1.3333,"x":0,"y":0}],"scale":[{"time":0,"x":1,"y":1,"curve":[0.25,0,0.75,1]},{"time":0.1667,"x":0.675,"y":0.675,"curve":[0.25,0,0.75,1]},{"time":0.5,"x":1.438,"y":1.438,"curve":[0.25,0,0.75,1]},{"time":0.8,"x":0.868,"y":0.868,"curve":[0.25,0,0.75,1]},{"time":1.0667,"x":1.071,"y":1.071,"curve":[0.25,0,0.75,1]},{"time":1.3333,"x":1,"y":1}]},"zi_yuansu3_ying":{"rotate":[{"time":0,"angle":0,"curve":"stepped"},{"time":0.3333,"angle":0,"curve":"stepped"},{"time":1.5,"angle":0}],"translate":[{"time":0,"x":0,"y":0,"curve":"stepped"},{"time":0.3333,"x":0,"y":0,"curve":"stepped"},{"time":1.5,"x":0,"y":0}],"scale":[{"time":0,"x":1,"y":1,"curve":[0.25,0,0.75,1]},{"time":0.3333,"x":0.606,"y":0.606,"curve":[0.25,0,0.75,1]},{"time":0.6667,"x":1.207,"y":1.207,"curve":[0.25,0,0.75,1]},{"time":0.9667,"x":0.868,"y":0.868,"curve":[0.25,0,0.75,1]},{"time":1.2333,"x":1.071,"y":1.071,"curve":[0.25,0,0.75,1]},{"time":1.5,"x":1,"y":1}]}}},"luoqi_idle":{"slots":{"luoqi_eye_r":{"attachment":[{"time":0,"name":null}]},"luoqi_gebo1":{"attachment":[{"time":0,"name":"luoqi_gebo1"},{"time":1.8333,"name":"luoqi_gebo1"}]},"luoqi_shou1_r":{"attachment":[{"time":0,"name":null},{"time":1.8333,"name":null}]},"luoqi_ying":{"attachment":[{"time":0,"name":"luoqi_ying"}]}},"bones":{"luoqi_ying":{"rotate":[{"time":0,"angle":0,"curve":"stepped"},{"time":1.8333,"angle":0}],"translate":[{"time":0,"x":0,"y":0,"curve":"stepped"},{"time":1.8333,"x":0,"y":0}],"scale":[{"time":0,"x":1,"y":1,"curve":[0.25,0,0.75,1]},{"time":1.1333,"x":0.911,"y":1,"curve":[0.25,0,0.75,1]},{"time":1.8333,"x":1,"y":1}]},"luoqi_gebo1":{"rotate":[{"time":0,"angle":0,"curve":[0.25,0,0.75,1]},{"time":1.3667,"angle":3.49,"curve":[0.25,0,0.75,1]},{"time":1.8333,"angle":0}],"translate":[{"time":0,"x":0,"y":0,"curve":"stepped"},{"time":1.8333,"x":0,"y":0}],"scale":[{"time":0,"x":1,"y":1,"curve":"stepped"},{"time":1.8333,"x":1,"y":1}]},"luoqi_eye":{"rotate":[{"time":0,"angle":0}],"translate":[{"time":0,"x":0,"y":0,"curve":[0.25,0,0.75,1]},{"time":1.3,"x":-2.83,"y":0,"curve":[0.25,0,0.75,1]},{"time":1.8333,"x":0,"y":0}],"scale":[{"time":0,"x":1,"y":1,"curve":[0.25,0,0.75,1]},{"time":1.3,"x":0.97,"y":1.05,"curve":[0.25,0,0.75,1]},{"time":1.8333,"x":1,"y":1}]},"luoqi_body":{"rotate":[{"time":0,"angle":0}],"translate":[{"time":0,"x":0,"y":0}],"scale":[{"time":0,"x":1,"y":1,"curve":[0.25,0,0.304,1]},{"time":1.1333,"x":0.927,"y":1,"curve":[0.25,0,0.75,1]},{"time":1.8333,"x":1,"y":1}]},"luoqi_gebo2":{"rotate":[{"time":0,"angle":0,"curve":[0.25,0,0.75,1]},{"time":0.5,"angle":8.71,"curve":[0.25,0,0.75,1]},{"time":0.9,"angle":0,"curve":[0.25,0,0.75,1]},{"time":1.4,"angle":8.71,"curve":[0.25,0,0.75,1]},{"time":1.8333,"angle":0}],"translate":[{"time":0,"x":0,"y":0}],"scale":[{"time":0,"x":1,"y":1},{"time":0.5,"x":0.925,"y":1},{"time":0.9,"x":1,"y":1},{"time":1.4,"x":0.925,"y":1},{"time":1.8333,"x":1,"y":1}]},"luoqi_lian":{"rotate":[{"time":0,"angle":0}],"translate":[{"time":0,"x":0,"y":0,"curve":[0.25,0,0.75,1]},{"time":1.2667,"x":-9.23,"y":-0.13,"curve":[0.25,0,0.75,1]},{"time":1.8333,"x":0,"y":0}],"scale":[{"time":0,"x":1,"y":1,"curve":[0.25,0,0.75,1]},{"time":1.2667,"x":0.884,"y":1.049,"curve":[0.25,0,0.75,1]},{"time":1.8333,"x":1,"y":1}]},"luoqi_toushi":{"rotate":[{"time":0,"angle":0}],"translate":[{"time":0,"x":0,"y":0,"curve":[0.25,0,0.75,1]},{"time":1.3,"x":-13.4,"y":-0.19,"curve":[0.25,0,0.75,1]},{"time":1.8333,"x":0,"y":0}],"scale":[{"time":0,"x":1,"y":1}]},"luoqi_wg":{"rotate":[{"time":0,"angle":0}],"translate":[{"time":0,"x":0,"y":0,"curve":[0.25,0,0.75,1]},{"time":1.3,"x":-1.95,"y":0,"curve":[0.25,0,0.75,1]},{"time":1.8333,"x":0,"y":0}],"scale":[{"time":0,"x":1,"y":1}]},"zi_houceng":{"scale":[{"time":0,"x":1,"y":1,"curve":[0.25,0,0.75,1]},{"time":1.1,"x":0.941,"y":0.941,"curve":[0.25,0,0.75,1]},{"time":1.8333,"x":1,"y":1}]},"zi_ying":{"scale":[{"time":0,"x":1,"y":1,"curve":[0.25,0,0.75,1]},{"time":1.1,"x":0.941,"y":0.941,"curve":[0.25,0,0.75,1]},{"time":1.8333,"x":1,"y":1}]},"zi_yuansu3":{"rotate":[{"time":0,"angle":0,"curve":"stepped"},{"time":1.8333,"angle":0}],"translate":[{"time":0,"x":0,"y":0,"curve":"stepped"},{"time":1.8333,"x":0,"y":0}],"scale":[{"time":0,"x":1,"y":1,"curve":[0.25,0,0.75,1]},{"time":0.6667,"x":1.211,"y":1.211,"curve":[0.25,0,0.75,1]},{"time":1.8333,"x":1,"y":1}]},"zi_yuansu3_ying":{"rotate":[{"time":0,"angle":0,"curve":"stepped"},{"time":1.8333,"angle":0}],"translate":[{"time":0,"x":0,"y":0,"curve":"stepped"},{"time":1.8333,"x":0,"y":0}],"scale":[{"time":0,"x":1,"y":1,"curve":[0.25,0,0.75,1]},{"time":0.6667,"x":1.211,"y":1.211,"curve":[0.25,0,0.75,1]},{"time":1.8333,"x":1,"y":1}]},"zi_yuansu2":{"rotate":[{"time":0,"angle":0,"curve":"stepped"},{"time":1.8333,"angle":0}],"translate":[{"time":0,"x":0,"y":0,"curve":"stepped"},{"time":1.8333,"x":0,"y":0}],"scale":[{"time":0,"x":1,"y":1,"curve":[0.25,0,0.75,1]},{"time":0.8333,"x":1.211,"y":1.211,"curve":[0.25,0,0.75,1]},{"time":1.8333,"x":1,"y":1}]},"zi_yuansu2_ying":{"rotate":[{"time":0,"angle":0,"curve":"stepped"},{"time":1.8333,"angle":0}],"translate":[{"time":0,"x":0,"y":0,"curve":"stepped"},{"time":1.8333,"x":0,"y":0}],"scale":[{"time":0,"x":1,"y":1,"curve":[0.25,0,0.75,1]},{"time":0.8333,"x":1.211,"y":1.211,"curve":[0.25,0,0.75,1]},{"time":1.8333,"x":1,"y":1}]},"zi_yuansu1":{"rotate":[{"time":0,"angle":0,"curve":"stepped"},{"time":1.8333,"angle":0}],"translate":[{"time":0,"x":0,"y":0,"curve":"stepped"},{"time":1.8333,"x":0,"y":0}],"scale":[{"time":0,"x":1,"y":1,"curve":[0.25,0,0.75,1]},{"time":1,"x":1.211,"y":1.211,"curve":[0.25,0,0.75,1]},{"time":1.8333,"x":1,"y":1}]},"zi_yuansu1_ying":{"rotate":[{"time":0,"angle":0,"curve":"stepped"},{"time":1.8333,"angle":0}],"translate":[{"time":0,"x":0,"y":0,"curve":"stepped"},{"time":1.8333,"x":0,"y":0}],"scale":[{"time":0,"x":1,"y":1,"curve":[0.25,0,0.75,1]},{"time":1,"x":1.211,"y":1.211,"curve":[0.25,0,0.75,1]},{"time":1.8333,"x":1,"y":1}]}}}}}