{"skeleton":{"hash":"6ZmHv7eWE4GySLGtw3sRkEFltLM","spine":"3.7.94","width":505,"height":450},"bones":[{"name":"root"},{"name":"red_houce","parent":"root","length":55.29,"rotation":1.03,"x":-12,"y":35.15},{"name":"miya_ying","parent":"red_houce","length":25.42,"rotation":176.72,"x":123.53,"y":-27.13},{"name":"daxiao","parent":"red_houce","x":14.68,"y":-97.39},{"name":"red_sanjiao1","parent":"red_houce","x":-133.96,"y":28.81},{"name":"red_sanjiao3","parent":"red_houce","x":-14.33,"y":6.24},{"name":"red_sanjiao1_ying","parent":"red_sanjiao1","x":-4.81,"y":-18.34},{"name":"red_sanjiao2","parent":"red_houce","x":-42.55,"y":115.11},{"name":"red_sanjiao2_ying2","parent":"red_sanjiao2","x":-5.98,"y":-16.61},{"name":"red_sanjiao3_ying","parent":"red_sanjiao3","x":-0.75,"y":-13.93},{"name":"miya_body","parent":"red_houce","length":68.73,"rotation":88.14,"x":150,"y":-78.41},{"name":"miya_lingzi","parent":"miya_body","x":80.81,"y":0.8},{"name":"miya_gebo2","parent":"miya_body","length":53.35,"rotation":-53.07,"x":34.73,"y":-42.08},{"name":"miya_tou","parent":"miya_body","length":76.71,"rotation":-11.33,"x":73.61,"y":1.59},{"name":"miya_lian","parent":"miya_tou","x":60.17,"y":4.24},{"name":"miya_wg","parent":"miya_lian","x":44.9,"y":-1.86},{"name":"miya_eye","parent":"miya_wg","x":-24.76,"y":-2.07},{"name":"miya_sai1","parent":"miya_wg","x":-59.53,"y":44.17},{"name":"miya_sai2","parent":"miya_wg","x":-55.66,"y":-44.1},{"name":"miya_zui","parent":"miya_wg","x":-73.65,"y":-1.13},{"name":"miya_er1","parent":"miya_tou","length":38.23,"rotation":89.27,"x":67.96,"y":72.52},{"name":"miya_er2","parent":"miya_tou","length":42.47,"rotation":-91.28,"x":71.89,"y":-60.75},{"name":"miya_liuhai2","parent":"miya_tou","length":28.29,"rotation":11.26,"x":118.28,"y":5.29},{"name":"miya_liuhai1","parent":"miya_tou","length":35.74,"rotation":39.05,"x":115.87,"y":24.98},{"name":"miya_toufa","parent":"miya_tou","length":73.54,"rotation":-19.1,"x":127.7,"y":23.39},{"name":"miya_gebo1","parent":"miya_body","length":67.82,"rotation":131.8,"x":65.27,"y":23.56},{"name":"red_ying","parent":"root","x":-1.58,"y":-121.72}],"slots":[{"name":"red_ying","bone":"red_ying","attachment":"red_ying"},{"name":"red_houce","bone":"red_houce","attachment":"red_houce"},{"name":"miya_ying","bone":"miya_ying","attachment":"miya_ying"},{"name":"red_sanjiao3_ying","bone":"red_sanjiao3_ying","attachment":"red_sanjiao3_ying"},{"name":"red_sanjiao2_ying","bone":"red_sanjiao2_ying2","attachment":"red_sanjiao2_ying"},{"name":"red_sanjiao1_ying","bone":"red_sanjiao1_ying","attachment":"red_sanjiao1_ying"},{"name":"miya_gebo1","bone":"miya_gebo1","attachment":"miya_gebo1"},{"name":"miya_shou1","bone":"miya_gebo1","attachment":"miya_shou1"},{"name":"miya_gebo2","bone":"miya_gebo2","attachment":"miya_gebo2"},{"name":"miya_shou2","bone":"miya_gebo2","attachment":"miya_shou2"},{"name":"miya_body","bone":"miya_body","attachment":"miya_body"},{"name":"miya_lingzi","bone":"miya_lingzi","attachment":"miya_lingzi"},{"name":"miya_deng","bone":"miya_body","attachment":"miya_deng"},{"name":"miya_toufa","bone":"miya_toufa","attachment":"miya_toufa"},{"name":"miya_er1","bone":"miya_er1","attachment":"miya_er1"},{"name":"miya_er2","bone":"miya_er2","attachment":"miya_er2"},{"name":"miya_tou","bone":"miya_tou","attachment":"miya_tou"},{"name":"miya_liuhai1","bone":"miya_liuhai1","attachment":"miya_liuhai1"},{"name":"miya_liuhai2","bone":"miya_liuhai2","attachment":"miya_liuhai2"},{"name":"miya_lian","bone":"miya_lian","attachment":"miya_lian"},{"name":"miya_sai1","bone":"miya_sai1","attachment":"miya_sai1"},{"name":"miya_sai2","bone":"miya_sai2","attachment":"miya_sai2"},{"name":"miya_zui","bone":"miya_zui","attachment":"miya_zui"},{"name":"miya_eye","bone":"miya_eye","attachment":"miya_eye"},{"name":"red_sanjiao3","bone":"red_sanjiao3","attachment":"red_sanjiao3"},{"name":"red_sanjiao2","bone":"red_sanjiao2","attachment":"red_sanjiao2"},{"name":"red_sanjiao1","bone":"red_sanjiao1","attachment":"red_sanjiao1"},{"name":"daxiao","bone":"daxiao","attachment":"daxiao"}],"skins":{"default":{"daxiao":{"daxiao":{"x":-3.34,"y":-0.99,"rotation":-1.03,"width":450,"height":119}},"miya_body":{"miya_body":{"x":25.53,"y":0.65,"rotation":-89.17,"width":136,"height":133}},"miya_deng":{"miya_deng":{"x":39.01,"y":2.35,"rotation":-89.17,"width":7,"height":20}},"miya_er1":{"miya_er1":{"x":17.02,"y":2.68,"rotation":-167.11,"width":72,"height":75}},"miya_er2":{"miya_er2":{"x":26.94,"y":4.32,"rotation":13.45,"width":73,"height":78}},"miya_eye":{"miya_eye":{"x":-5.93,"y":0.63,"rotation":-77.83,"width":105,"height":53},"miya_eye_r":{"x":-5.29,"y":-1.23,"rotation":-77.83,"width":120,"height":51}},"miya_gebo1":{"miya_gebo1":{"x":30.78,"y":3.16,"rotation":139.03,"width":109,"height":92}},"miya_gebo2":{"miya_gebo2":{"x":55.78,"y":21.1,"rotation":-36.1,"width":79,"height":126},"miya_gebo_r":{"x":27.73,"y":3.7,"rotation":-36.1,"width":95,"height":78}},"miya_lian":{"miya_lian":{"x":5.05,"y":-1.17,"rotation":-77.83,"width":135,"height":120}},"miya_lingzi":{"miya_lingzi":{"x":-6.76,"y":-1.44,"rotation":-89.17,"width":100,"height":44}},"miya_liuhai1":{"miya_liuhai1":{"x":18.59,"y":6,"rotation":-116.89,"width":62,"height":66}},"miya_liuhai2":{"miya_liuhai2":{"x":17.86,"y":-12.2,"rotation":-89.09,"width":72,"height":68}},"miya_sai1":{"miya_sai1":{"x":0.81,"y":-1.01,"rotation":-77.83,"width":32,"height":13}},"miya_sai2":{"miya_sai2":{"x":0.61,"y":-0.95,"rotation":-77.83,"width":32,"height":13}},"miya_shou1":{"miya_shou1":{"x":85.72,"y":3.14,"rotation":139.03,"width":40,"height":40}},"miya_shou2":{"miya_shou2":{"x":98.94,"y":53.99,"rotation":-36.1,"width":42,"height":42},"miya_shou_r":{"x":79.01,"y":1.72,"rotation":-36.1,"width":42,"height":41}},"miya_tou":{"miya_tou":{"x":71.2,"y":3.85,"rotation":-77.83,"width":170,"height":150}},"miya_toufa":{"miya_toufa":{"x":59.64,"y":3.22,"rotation":-58.74,"width":102,"height":134}},"miya_ying":{"miya_ying":{"x":-5.39,"y":-43.98,"rotation":-177.75,"width":220,"height":271},"miya_ying2":{"x":0.41,"y":-48.48,"rotation":-177.75,"width":232,"height":263}},"miya_zui":{"miya_zui":{"x":0.49,"y":-0.26,"rotation":-77.83,"width":9,"height":8},"miya_zui_r":{"x":10.74,"y":0.98,"rotation":-77.83,"width":27,"height":33}},"red_houce":{"red_houce":{"x":12.58,"y":-1.89,"rotation":-1.03,"width":457,"height":312}},"red_sanjiao1":{"red_sanjiao1":{"x":9.58,"y":0.77,"rotation":-1.03,"width":88,"height":94}},"red_sanjiao1_ying":{"red_sanjiao1_ying":{"x":14.14,"y":5.12,"rotation":-1.03,"width":88,"height":94}},"red_sanjiao2":{"red_sanjiao2":{"x":-9.66,"y":6.69,"rotation":-1.03,"width":129,"height":129}},"red_sanjiao2_ying":{"red_sanjiao2_ying":{"x":-3.93,"y":9.3,"rotation":-1.03,"width":129,"height":129}},"red_sanjiao3":{"red_sanjiao3":{"x":4.14,"y":4.79,"rotation":-1.03,"width":59,"height":57}},"red_sanjiao3_ying":{"red_sanjiao3_ying":{"x":4.63,"y":4.73,"rotation":-1.03,"width":59,"height":57}},"red_ying":{"red_ying":{"x":2.19,"y":0.22,"width":431,"height":92}}}},"animations":{"miya_daan_dianji":{"slots":{"miya_eye":{"attachment":[{"time":0,"name":"miya_eye_r"}]},"miya_gebo2":{"attachment":[{"time":0,"name":"miya_gebo_r"}]},"miya_shou2":{"attachment":[{"time":0,"name":"miya_shou_r"}]},"miya_zui":{"attachment":[{"time":0,"name":"miya_zui_r"}]}},"bones":{"red_houce":{"scale":[{"time":0,"x":1,"y":1,"curve":[0,0.04,0.423,0.99]},{"time":0.2667,"x":0.729,"y":0.729,"curve":[0.25,0,0.75,1]},{"time":0.5667,"x":1.1,"y":1.1,"curve":[0.25,0,0.75,1]},{"time":0.8333,"x":1,"y":1}]},"red_sanjiao1":{"rotate":[{"time":0,"angle":0,"curve":[0,0.04,0.423,0.99]},{"time":0.2667,"angle":-99.61,"curve":[0.25,0,0.75,1]},{"time":0.6,"angle":7.12,"curve":[0,0.12,0.414,0.97]},{"time":0.9333,"angle":-1.93},{"time":1.5,"angle":0}],"translate":[{"time":0,"x":0,"y":0,"curve":[0,0.04,0.423,0.99]},{"time":0.2667,"x":0,"y":-17.9,"curve":[0.25,0,0.75,1]},{"time":0.6,"x":0,"y":11.17,"curve":[0,0.12,0.414,0.97]},{"time":0.9333,"x":0,"y":-4,"curve":[0.25,0,0.75,1]},{"time":1.5,"x":0,"y":0}],"scale":[{"time":0,"x":1,"y":1,"curve":[0,0.04,0.423,0.99]},{"time":0.2667,"x":0.9,"y":0.9,"curve":[0.25,0,0.75,1]},{"time":0.6,"x":1.1,"y":1.1,"curve":[0,0.12,0.414,0.97]},{"time":0.9333,"x":0.95,"y":0.95,"curve":[0.25,0,0.75,1]},{"time":1.5,"x":1,"y":1}]},"red_sanjiao1_ying":{"translate":[{"time":0,"x":0,"y":0,"curve":[0,0.04,0.423,0.99]},{"time":0.2667,"x":0,"y":7.12,"curve":[0.25,0,0.75,1]},{"time":0.7667,"x":0,"y":2.19,"curve":[0.25,0,0.75,1]},{"time":1.1667,"x":0,"y":4.67,"curve":[0.25,0,0.75,1]},{"time":1.5,"x":0,"y":0}],"scale":[{"time":0,"x":1,"y":1,"curve":[0,0.04,0.423,0.99]},{"time":0.2667,"x":1.262,"y":1.262,"curve":[0.25,0,0.75,1]},{"time":0.7667,"x":0.79,"y":0.767,"curve":[0.25,0,0.75,1]},{"time":1.1667,"x":1.062,"y":1.062,"curve":[0.25,0,0.75,1]},{"time":1.5,"x":1,"y":1}]},"red_sanjiao2":{"translate":[{"time":0,"x":0,"y":0,"curve":[0,0.04,0.423,0.99]},{"time":0.2667,"x":0,"y":-15.81,"curve":[0.25,0,0.75,1]},{"time":0.7,"x":0,"y":10.58,"curve":[0.25,0,0.75,1]},{"time":1.0333,"x":0,"y":-2.9,"curve":[0.25,0,0.75,1]},{"time":1.3333,"x":0,"y":0}],"scale":[{"time":0,"x":1,"y":1,"curve":[0,0.04,0.423,0.99]},{"time":0.2667,"x":0.822,"y":0.822,"curve":[0.25,0,0.75,1]},{"time":0.7,"x":1.21,"y":1.21,"curve":[0.25,0,0.75,1]},{"time":1.0333,"x":0.917,"y":0.917,"curve":[0.25,0,0.75,1]},{"time":1.3333,"x":1,"y":1}]},"red_sanjiao2_ying2":{"translate":[{"time":0,"x":0,"y":0,"curve":[0,0.04,0.423,0.99]},{"time":0.2667,"x":0,"y":10.18,"curve":[0.25,0,0.75,1]},{"time":0.7,"x":0,"y":-9.13,"curve":[0.25,0,0.75,1]},{"time":1.0333,"x":0,"y":3.99,"curve":[0.25,0,0.75,1]},{"time":1.3333,"x":0,"y":0}],"scale":[{"time":0,"x":1,"y":1,"curve":[0,0.04,0.423,0.99]},{"time":0.2667,"x":1.14,"y":1.14,"curve":[0.25,0,0.75,1]},{"time":0.7,"x":0.77,"y":0.77,"curve":[0.25,0,0.75,1]},{"time":1.0333,"x":1.099,"y":1.099,"curve":[0.25,0,0.75,1]},{"time":1.3333,"x":1,"y":1}]},"red_sanjiao3":{"translate":[{"time":0,"x":0,"y":0,"curve":[0,0.04,0.423,0.99]},{"time":0.2,"x":0,"y":-22.64,"curve":[0.25,0,0.75,1]},{"time":0.5333,"x":0,"y":12.1,"curve":[0.25,0,0.75,1]},{"time":0.7667,"x":0,"y":-3.31,"curve":[0.25,0,0.75,1]},{"time":1.0333,"x":0,"y":0}],"scale":[{"time":0,"x":1,"y":1,"curve":[0,0.04,0.423,0.99]},{"time":0.2,"x":0.901,"y":0.901,"curve":[0.25,0,0.75,1]},{"time":0.5333,"x":1.2,"y":1.2,"curve":[0.25,0,0.75,1]},{"time":0.7667,"x":0.783,"y":0.783,"curve":[0.25,0,0.75,1]},{"time":1.0333,"x":1,"y":1}]},"red_sanjiao3_ying":{"translate":[{"time":0,"x":0,"y":0,"curve":[0,0.04,0.423,0.99]},{"time":0.2,"x":0,"y":12.61,"curve":[0.25,0,0.75,1]},{"time":0.5333,"x":0,"y":-2.86,"curve":[0.25,0,0.75,1]},{"time":0.7667,"x":0,"y":9.46,"curve":[0.25,0,0.75,1]},{"time":1.0333,"x":0,"y":0}],"scale":[{"time":0,"x":1,"y":1,"curve":[0,0.04,0.423,0.99]},{"time":0.2,"x":1.07,"y":1.07,"curve":[0.25,0,0.75,1]},{"time":0.5333,"x":0.709,"y":0.709,"curve":[0.25,0,0.75,1]},{"time":0.7667,"x":1.05,"y":1.05,"curve":[0.25,0,0.75,1]},{"time":1.0333,"x":1,"y":1}]},"red_ying":{"translate":[{"time":0,"x":0,"y":0,"curve":[0,0.04,0.423,0.99]},{"time":0.2667,"x":0,"y":35.87},{"time":0.5667,"x":0,"y":-13.88},{"time":0.8333,"x":0,"y":4.63},{"time":1.2333,"x":0,"y":0}],"scale":[{"time":0,"x":1,"y":1,"curve":[0,0.04,0.423,0.99]},{"time":0.2667,"x":0.753,"y":0.753},{"time":0.5667,"x":1.183,"y":1.183},{"time":0.8333,"x":0.965,"y":0.965},{"time":1.2333,"x":1,"y":1}]},"miya_er1":{"rotate":[{"time":0,"angle":0,"curve":[0,0.04,0.423,0.99]},{"time":0.1,"angle":-35.64},{"time":0.2667,"angle":-21.29},{"time":0.6,"angle":-12.47},{"time":0.9333,"angle":16.1},{"time":1.2333,"angle":-15.54},{"time":1.5,"angle":0}],"translate":[{"time":0,"x":0,"y":0,"curve":[0,0.04,0.423,0.99]},{"time":0.1,"x":4.86,"y":-5.39},{"time":0.2667,"x":-4.71,"y":-11.36},{"time":0.6,"x":11.6,"y":-6.34},{"time":0.9333,"x":-6.83,"y":-1.02},{"time":1.2333,"x":2.64,"y":-0.09},{"time":1.5,"x":0,"y":0}],"scale":[{"time":0,"x":1,"y":1,"curve":[0,0.04,0.423,0.99]},{"time":0.2667,"x":0.915,"y":1},{"time":0.6,"x":1.124,"y":1},{"time":0.9333,"x":1.082,"y":1},{"time":1.2333,"x":0.952,"y":1},{"time":1.5,"x":1,"y":1}]},"miya_er2":{"rotate":[{"time":0,"angle":0,"curve":[0,0.04,0.423,0.99]},{"time":0.1,"angle":42.39},{"time":0.2667,"angle":29.9},{"time":0.6,"angle":33.46},{"time":0.9333,"angle":-8.2},{"time":1.2333,"angle":29.28},{"time":1.5,"angle":0}],"translate":[{"time":0,"x":0,"y":0,"curve":[0,0.04,0.423,0.99]},{"time":0.1,"x":3.83,"y":4.11},{"time":0.2667,"x":-10.93,"y":6.4},{"time":0.6,"x":1.4,"y":5.87},{"time":0.9333,"x":-5.81,"y":5.53},{"time":1.2333,"x":-0.03,"y":4.91},{"time":1.5,"x":-2.67,"y":5}],"scale":[{"time":0,"x":1,"y":1,"curve":[0,0.04,0.423,0.99]},{"time":0.2667,"x":0.9,"y":1},{"time":0.6,"x":1.156,"y":1},{"time":0.9333,"x":0.987,"y":1},{"time":1.2333,"x":0.966,"y":1},{"time":1.5,"x":1,"y":1}]},"miya_liuhai1":{"rotate":[{"time":0,"angle":0,"curve":[0,0.04,0.423,0.99]},{"time":0.1,"angle":0.39},{"time":0.2667,"angle":-13.3},{"time":0.6,"angle":16.81},{"time":0.9333,"angle":-8.64},{"time":1.2333,"angle":4.45},{"time":1.5,"angle":0}],"translate":[{"time":0,"x":0,"y":0,"curve":[0,0.04,0.423,0.99]},{"time":0.2667,"x":-3.32,"y":-1.6},{"time":0.6,"x":1.12,"y":1.42},{"time":0.9333,"x":-1.22,"y":-0.71},{"time":1.2333,"x":-2.04,"y":-0.44},{"time":1.5,"x":0,"y":0}]},"miya_liuhai2":{"rotate":[{"time":0,"angle":0,"curve":[0,0.04,0.423,0.99]},{"time":0.1,"angle":-4.28},{"time":0.2667,"angle":13.69},{"time":0.6,"angle":-34.82},{"time":0.9333,"angle":5.26},{"time":1.2333,"angle":-6.2},{"time":1.5,"angle":0}],"translate":[{"time":0,"x":0,"y":0,"curve":[0,0.04,0.423,0.99]},{"time":0.2667,"x":-1.29,"y":-0.6},{"time":0.6,"x":1.79,"y":-0.25},{"time":0.9333,"x":-1.35,"y":-0.4},{"time":1.2333,"x":0.12,"y":-1.33},{"time":1.5,"x":0,"y":0}]},"miya_toufa":{"rotate":[{"time":0,"angle":0,"curve":[0,0.04,0.423,0.99]},{"time":0.1,"angle":-11.99},{"time":0.2667,"angle":46.46},{"time":0.6,"angle":-17.95},{"time":0.9333,"angle":23},{"time":1.5,"angle":0}],"translate":[{"time":0,"x":0,"y":0,"curve":[0,0.04,0.423,0.99]},{"time":0.1,"x":-3.59,"y":0.83},{"time":0.2667,"x":-2.67,"y":3.7},{"time":0.6,"x":-1.49,"y":-1.78},{"time":0.9333,"x":-2.92,"y":-1.62},{"time":1.5,"x":0,"y":0}]},"miya_eye":{"translate":[{"time":0,"x":0,"y":0},{"time":0.2667,"x":-23.93,"y":0},{"time":0.6667,"x":8.11,"y":0},{"time":1.1667,"x":-14.9,"y":0},{"time":1.5667,"x":0,"y":0}],"scale":[{"time":0.6,"x":1,"y":1},{"time":0.7333,"x":0.017,"y":1},{"time":0.8667,"x":1,"y":1}]},"miya_gebo2":{"rotate":[{"time":0,"angle":0,"curve":[0,0.04,0.423,0.99]},{"time":0.2667,"angle":-102.21},{"time":0.6,"angle":24.73},{"time":0.8333,"angle":-15.73},{"time":1,"angle":-2.37},{"time":1.2333,"angle":-15.73},{"time":1.4,"angle":-2.37}],"translate":[{"time":0,"x":13.78,"y":5.48},{"time":0.2667,"x":10.46,"y":8.91},{"time":0.6,"x":13.78,"y":5.48}]},"miya_zui":{"translate":[{"time":0,"x":0,"y":0},{"time":0.2667,"x":-11.24,"y":0},{"time":0.6667,"x":13.39,"y":0},{"time":1.1667,"x":-8.64,"y":0},{"time":1.5667,"x":0,"y":0}],"scale":[{"time":0,"x":1,"y":1,"curve":[0,0.04,0.423,0.99]},{"time":0.3333,"x":0.46,"y":0.981},{"time":0.6667,"x":1.184,"y":1.184},{"time":1.1667,"x":1,"y":1,"curve":"stepped"},{"time":1.5667,"x":1,"y":1}]},"miya_sai2":{"translate":[{"time":0,"x":0,"y":0,"curve":[0,0.04,0.423,0.99]},{"time":0.2667,"x":-19.2,"y":0},{"time":0.6667,"x":14.8,"y":0},{"time":1.1667,"x":-13.62,"y":0},{"time":1.5667,"x":0,"y":0}]},"miya_sai1":{"translate":[{"time":0,"x":0,"y":0,"curve":[0,0.04,0.423,0.99]},{"time":0.2667,"x":-19.2,"y":0},{"time":0.6667,"x":14.8,"y":0},{"time":1.1667,"x":-13.62,"y":0},{"time":1.5667,"x":0,"y":0}]},"miya_tou":{"scale":[{"time":0,"x":1,"y":1},{"time":0.2667,"x":0.869,"y":1.051},{"time":0.6,"x":1.054,"y":0.966},{"time":0.9333,"x":0.968,"y":1.03},{"time":1.3333,"x":1,"y":1}]},"miya_gebo1":{"rotate":[{"time":0,"angle":-72.14},{"time":0.2667,"angle":-11.12},{"time":0.6,"angle":-84.49},{"time":0.8333,"angle":-60.09},{"time":1,"angle":-72.14},{"time":1.2333,"angle":-60.09},{"time":1.4,"angle":-72.14}]},"miya_lian":{"translate":[{"time":0,"x":0,"y":0},{"time":0.2667,"x":-13.06,"y":0},{"time":0.6,"x":8.32,"y":0},{"time":1,"x":-6.25,"y":0},{"time":1.5,"x":0,"y":0}],"scale":[{"time":0,"x":1,"y":1},{"time":0.2667,"x":0.935,"y":1},{"time":0.6,"x":1.088,"y":1},{"time":1,"x":0.972,"y":1},{"time":1.5,"x":1,"y":1}]},"miya_ying":{"translate":[{"time":0,"x":0,"y":0},{"time":0.2667,"x":-1.4,"y":-24.5},{"time":0.6,"x":-6.53,"y":1.29},{"time":0.9333,"x":0,"y":0}],"scale":[{"time":0,"x":1,"y":1},{"time":0.2667,"x":1.093,"y":1.144},{"time":0.6,"x":0.763,"y":0.998},{"time":0.9333,"x":1,"y":1}]},"miya_body":{"translate":[{"time":0,"x":0,"y":0},{"time":0.2667,"x":-0.23,"y":-6.93},{"time":0.6,"x":0.27,"y":8.24},{"time":0.9333,"x":-0.03,"y":-0.79},{"time":1.5,"x":0,"y":0}],"scale":[{"time":0.2667,"x":1,"y":1}]}}},"miya_daan_idle":{"slots":{"miya_eye":{"attachment":[{"time":0,"name":"miya_eye_r"}]},"miya_gebo2":{"attachment":[{"time":0,"name":"miya_gebo_r"}]},"miya_shou2":{"attachment":[{"time":0,"name":"miya_shou_r"}]},"miya_ying":{"attachment":[{"time":0,"name":"miya_ying2"}]},"miya_zui":{"attachment":[{"time":0,"name":"miya_zui_r"}]}},"bones":{"red_houce":{"scale":[{"time":0,"x":1,"y":1,"curve":[0,0.04,0.423,0.99]},{"time":0.8333,"x":0.95,"y":0.95,"curve":[0,0.04,0.423,0.99]},{"time":1.8333,"x":1,"y":1}]},"red_sanjiao1":{"rotate":[{"time":0,"angle":0},{"time":0.8333,"angle":6.14},{"time":1.8333,"angle":0}],"scale":[{"time":0,"x":1,"y":1,"curve":[0,0.04,0.371,0.51]},{"time":0.8333,"x":1.098,"y":1.098,"curve":[0.304,0.59,0.64,0.98]},{"time":1.8333,"x":1,"y":1}]},"red_sanjiao1_ying":{"scale":[{"time":0,"x":1,"y":1,"curve":[0,0.04,0.423,0.99]},{"time":0.8333,"x":0.838,"y":0.838,"curve":[0,0.04,0.423,0.99]},{"time":1.8333,"x":1,"y":1}]},"red_sanjiao2":{"rotate":[{"time":0,"angle":0},{"time":0.8333,"angle":-9.96},{"time":1.8333,"angle":0}],"scale":[{"time":0,"x":1,"y":1,"curve":[0,0.04,0.423,0.99]},{"time":0.8333,"x":1.048,"y":1.048,"curve":[0,0.04,0.381,0.56]},{"time":1.8333,"x":1,"y":1}]},"red_sanjiao2_ying2":{"scale":[{"time":0,"x":1,"y":1,"curve":[0,0.04,0.423,0.99]},{"time":0.8333,"x":0.907,"y":0.907,"curve":[0,0.04,0.423,0.99]},{"time":1.8333,"x":1,"y":1}]},"red_sanjiao3":{"rotate":[{"time":0,"angle":0},{"time":0.8333,"angle":-12.35},{"time":1.8333,"angle":0}],"scale":[{"time":0,"x":1,"y":1,"curve":[0,0.04,0.423,0.99]},{"time":0.8333,"x":1.1,"y":0.932,"curve":[0,0.04,0.423,0.99]},{"time":1.8333,"x":1,"y":1}]},"red_sanjiao3_ying":{"scale":[{"time":0,"x":1,"y":1,"curve":[0,0.04,0.423,0.99]},{"time":0.8333,"x":0.835,"y":0.835,"curve":[0,0.04,0.423,0.99]},{"time":1.8333,"x":1,"y":1}]},"red_ying":{"translate":[{"time":0,"x":0,"y":0,"curve":[0,0.04,0.423,0.99]},{"time":0.8333,"x":0,"y":4.47,"curve":[0,0.04,0.423,0.99]},{"time":1.8333,"x":0,"y":0}],"scale":[{"time":0,"x":1,"y":1,"curve":[0,0.04,0.423,0.99]},{"time":0.8333,"x":0.918,"y":0.918,"curve":[0,0.04,0.423,0.99]},{"time":1.8333,"x":1,"y":1}]},"miya_er1":{"rotate":[{"time":0,"angle":0},{"time":0.5,"angle":20.12},{"time":1.3333,"angle":-17.29},{"time":1.8333,"angle":0}],"translate":[{"time":0,"x":0,"y":0},{"time":0.5,"x":-3.94,"y":-1.39},{"time":1.3333,"x":5.71,"y":-4.53},{"time":1.8333,"x":0,"y":0}]},"miya_er2":{"rotate":[{"time":0,"angle":0},{"time":0.5,"angle":39.25},{"time":1.3333,"angle":-14.96},{"time":1.8333,"angle":0}],"translate":[{"time":0,"x":0,"y":0},{"time":0.5,"x":2.15,"y":7.71},{"time":1.3333,"x":-11.35,"y":8.39},{"time":1.8333,"x":0,"y":0}]},"miya_liuhai1":{"rotate":[{"time":0,"angle":0,"curve":[0,0.04,0.423,0.99]},{"time":0.5,"angle":14.14,"curve":[0,0.04,0.384,0.59]},{"time":1.3333,"angle":-18.92,"curve":[0.279,0.55,0.62,0.99]},{"time":1.8333,"angle":0}]},"miya_liuhai2":{"rotate":[{"time":0,"angle":0,"curve":[0,0.04,0.423,0.99]},{"time":0.5,"angle":16.87,"curve":[0,0.04,0.384,0.59]},{"time":1.3333,"angle":-13.77,"curve":[0.279,0.55,0.62,0.99]},{"time":1.8333,"angle":0}]},"miya_toufa":{"rotate":[{"time":0,"angle":0},{"time":0.5,"angle":32.22},{"time":1.3333,"angle":-16.12},{"time":1.8333,"angle":0}]},"miya_gebo2":{"rotate":[{"time":0,"angle":0},{"time":0.2333,"angle":-18.55},{"time":0.4333,"angle":0,"curve":[0,0.04,0.423,0.99]},{"time":0.7,"angle":-18.55},{"time":0.9,"angle":0,"curve":[0,0.04,0.423,0.99]},{"time":1.1667,"angle":-18.55},{"time":1.4,"angle":0,"curve":[0,0.04,0.423,0.99]},{"time":1.6333,"angle":-18.55},{"time":1.8333,"angle":0}],"translate":[{"time":0,"x":13.78,"y":5.48},{"time":0.2333,"x":11.26,"y":5.5},{"time":0.4333,"x":13.78,"y":5.48},{"time":0.7,"x":11.26,"y":5.5},{"time":0.9,"x":13.78,"y":5.48},{"time":1.1667,"x":11.26,"y":5.5},{"time":1.4,"x":13.78,"y":5.48},{"time":1.6333,"x":11.26,"y":5.5},{"time":1.8333,"x":13.78,"y":5.48}]},"miya_zui":{"scale":[{"time":0,"x":1,"y":1,"curve":[0,0.04,0.423,0.99]},{"time":0.8333,"x":1.2,"y":1.2,"curve":[0,0.04,0.423,0.99]},{"time":1.8333,"x":1,"y":1}]},"miya_sai2":{"translate":[{"time":0,"x":0,"y":0,"curve":"stepped"},{"time":0.8333,"x":0,"y":0,"curve":"stepped"},{"time":1.8333,"x":0,"y":0}]},"miya_sai1":{"translate":[{"time":0,"x":0,"y":0,"curve":"stepped"},{"time":0.8333,"x":0,"y":0,"curve":"stepped"},{"time":1.8333,"x":0,"y":0}]},"miya_tou":{"rotate":[{"time":0,"angle":0},{"time":0.8333,"angle":-8.07},{"time":1.8333,"angle":0}],"scale":[{"time":0,"x":1,"y":1},{"time":0.8333,"x":0.972,"y":1},{"time":1.8333,"x":1,"y":1}]},"miya_gebo1":{"rotate":[{"time":0,"angle":-72.14},{"time":0.2333,"angle":-80.93},{"time":0.4333,"angle":-72.14},{"time":0.7,"angle":-80.93},{"time":0.9,"angle":-72.14},{"time":1.1667,"angle":-80.93},{"time":1.3667,"angle":-72.14},{"time":1.6333,"angle":-80.93},{"time":1.8333,"angle":-72.14}]},"miya_eye":{"scale":[{"time":0.3333,"x":1,"y":1},{"time":0.5,"x":-0.009,"y":1},{"time":0.6667,"x":1,"y":1}]},"miya_ying":{"translate":[{"time":0,"x":0,"y":0},{"time":0.8333,"x":-4.5,"y":7.19},{"time":1.8333,"x":0,"y":0}],"scale":[{"time":0,"x":1,"y":1},{"time":0.8333,"x":1,"y":0.962},{"time":1.8333,"x":1,"y":1}]},"miya_lian":{"translate":[{"time":0,"x":0,"y":0,"curve":"stepped"},{"time":1.4667,"x":0,"y":0}]}}},"miya_dianji":{"bones":{"red_houce":{"scale":[{"time":0,"x":1,"y":1,"curve":[0,0.04,0.423,0.99]},{"time":0.2667,"x":0.729,"y":0.729,"curve":[0.25,0,0.75,1]},{"time":0.5667,"x":1.1,"y":1.1,"curve":[0.25,0,0.75,1]},{"time":0.8333,"x":1,"y":1}]},"red_sanjiao1":{"rotate":[{"time":0,"angle":0,"curve":[0,0.04,0.423,0.99]},{"time":0.2667,"angle":-99.61,"curve":[0.25,0,0.75,1]},{"time":0.6,"angle":7.12,"curve":[0,0.12,0.414,0.97]},{"time":0.9333,"angle":-1.93},{"time":1.5,"angle":0}],"translate":[{"time":0,"x":0,"y":0,"curve":[0,0.04,0.423,0.99]},{"time":0.2667,"x":0,"y":-17.9,"curve":[0.25,0,0.75,1]},{"time":0.6,"x":0,"y":11.17,"curve":[0,0.12,0.414,0.97]},{"time":0.9333,"x":0,"y":-4,"curve":[0.25,0,0.75,1]},{"time":1.5,"x":0,"y":0}],"scale":[{"time":0,"x":1,"y":1,"curve":[0,0.04,0.423,0.99]},{"time":0.2667,"x":0.9,"y":0.9,"curve":[0.25,0,0.75,1]},{"time":0.6,"x":1.1,"y":1.1,"curve":[0,0.12,0.414,0.97]},{"time":0.9333,"x":0.95,"y":0.95,"curve":[0.25,0,0.75,1]},{"time":1.5,"x":1,"y":1}]},"red_sanjiao1_ying":{"translate":[{"time":0,"x":0,"y":0,"curve":[0,0.04,0.423,0.99]},{"time":0.2667,"x":0,"y":7.12,"curve":[0.25,0,0.75,1]},{"time":0.7667,"x":0,"y":2.19,"curve":[0.25,0,0.75,1]},{"time":1.1667,"x":0,"y":4.67,"curve":[0.25,0,0.75,1]},{"time":1.5,"x":0,"y":0}],"scale":[{"time":0,"x":1,"y":1,"curve":[0,0.04,0.423,0.99]},{"time":0.2667,"x":1.262,"y":1.262,"curve":[0.25,0,0.75,1]},{"time":0.7667,"x":0.79,"y":0.767,"curve":[0.25,0,0.75,1]},{"time":1.1667,"x":1.062,"y":1.062,"curve":[0.25,0,0.75,1]},{"time":1.5,"x":1,"y":1}]},"red_sanjiao2":{"translate":[{"time":0,"x":0,"y":0,"curve":[0,0.04,0.423,0.99]},{"time":0.2667,"x":0,"y":-15.81,"curve":[0.25,0,0.75,1]},{"time":0.7,"x":0,"y":10.58,"curve":[0.25,0,0.75,1]},{"time":1.0333,"x":0,"y":-2.9,"curve":[0.25,0,0.75,1]},{"time":1.3333,"x":0,"y":0}],"scale":[{"time":0,"x":1,"y":1,"curve":[0,0.04,0.423,0.99]},{"time":0.2667,"x":0.822,"y":0.822,"curve":[0.25,0,0.75,1]},{"time":0.7,"x":1.21,"y":1.21,"curve":[0.25,0,0.75,1]},{"time":1.0333,"x":0.917,"y":0.917,"curve":[0.25,0,0.75,1]},{"time":1.3333,"x":1,"y":1}]},"red_sanjiao2_ying2":{"translate":[{"time":0,"x":0,"y":0,"curve":[0,0.04,0.423,0.99]},{"time":0.2667,"x":0,"y":10.18,"curve":[0.25,0,0.75,1]},{"time":0.7,"x":0,"y":-9.13,"curve":[0.25,0,0.75,1]},{"time":1.0333,"x":0,"y":3.99,"curve":[0.25,0,0.75,1]},{"time":1.3333,"x":0,"y":0}],"scale":[{"time":0,"x":1,"y":1,"curve":[0,0.04,0.423,0.99]},{"time":0.2667,"x":1.14,"y":1.14,"curve":[0.25,0,0.75,1]},{"time":0.7,"x":0.77,"y":0.77,"curve":[0.25,0,0.75,1]},{"time":1.0333,"x":1.099,"y":1.099,"curve":[0.25,0,0.75,1]},{"time":1.3333,"x":1,"y":1}]},"red_sanjiao3":{"translate":[{"time":0,"x":0,"y":0,"curve":[0,0.04,0.423,0.99]},{"time":0.2,"x":0,"y":-22.64,"curve":[0.25,0,0.75,1]},{"time":0.5333,"x":0,"y":12.1,"curve":[0.25,0,0.75,1]},{"time":0.7667,"x":0,"y":-3.31,"curve":[0.25,0,0.75,1]},{"time":1.0333,"x":0,"y":0}],"scale":[{"time":0,"x":1,"y":1,"curve":[0,0.04,0.423,0.99]},{"time":0.2,"x":0.901,"y":0.901,"curve":[0.25,0,0.75,1]},{"time":0.5333,"x":1.2,"y":1.2,"curve":[0.25,0,0.75,1]},{"time":0.7667,"x":0.783,"y":0.783,"curve":[0.25,0,0.75,1]},{"time":1.0333,"x":1,"y":1}]},"red_sanjiao3_ying":{"translate":[{"time":0,"x":0,"y":0,"curve":[0,0.04,0.423,0.99]},{"time":0.2,"x":0,"y":12.61,"curve":[0.25,0,0.75,1]},{"time":0.5333,"x":0,"y":-2.86,"curve":[0.25,0,0.75,1]},{"time":0.7667,"x":0,"y":9.46,"curve":[0.25,0,0.75,1]},{"time":1.0333,"x":0,"y":0}],"scale":[{"time":0,"x":1,"y":1,"curve":[0,0.04,0.423,0.99]},{"time":0.2,"x":1.07,"y":1.07,"curve":[0.25,0,0.75,1]},{"time":0.5333,"x":0.709,"y":0.709,"curve":[0.25,0,0.75,1]},{"time":0.7667,"x":1.05,"y":1.05,"curve":[0.25,0,0.75,1]},{"time":1.0333,"x":1,"y":1}]},"red_ying":{"translate":[{"time":0,"x":0,"y":0,"curve":[0,0.04,0.423,0.99]},{"time":0.2667,"x":0,"y":35.87},{"time":0.5667,"x":0,"y":-13.88},{"time":0.8333,"x":0,"y":4.63},{"time":1.2333,"x":0,"y":0}],"scale":[{"time":0,"x":1,"y":1,"curve":[0,0.04,0.423,0.99]},{"time":0.2667,"x":0.753,"y":0.753},{"time":0.5667,"x":1.183,"y":1.183},{"time":0.8333,"x":0.965,"y":0.965},{"time":1.2333,"x":1,"y":1}]},"miya_er1":{"rotate":[{"time":0,"angle":0,"curve":[0,0.04,0.423,0.99]},{"time":0.1,"angle":-21.17},{"time":0.2667,"angle":11.23},{"time":0.6,"angle":-12.47},{"time":0.9333,"angle":16.1},{"time":1.2333,"angle":-15.54},{"time":1.5,"angle":0}],"translate":[{"time":0,"x":0,"y":0,"curve":[0,0.04,0.423,0.99]},{"time":0.1,"x":4.86,"y":-5.39},{"time":0.2667,"x":-4.71,"y":-11.36},{"time":0.6,"x":11.6,"y":-6.34},{"time":0.9333,"x":-6.83,"y":-1.02},{"time":1.2333,"x":2.64,"y":-0.09},{"time":1.5,"x":0,"y":0}],"scale":[{"time":0,"x":1,"y":1,"curve":[0,0.04,0.423,0.99]},{"time":0.2667,"x":0.915,"y":1},{"time":0.6,"x":1.124,"y":1},{"time":0.9333,"x":1.082,"y":1},{"time":1.2333,"x":0.952,"y":1},{"time":1.5,"x":1,"y":1}]},"miya_er2":{"rotate":[{"time":0,"angle":0,"curve":[0,0.04,0.423,0.99]},{"time":0.1,"angle":45.74},{"time":0.2667,"angle":1.68},{"time":0.6,"angle":33.46},{"time":0.9333,"angle":-8.2},{"time":1.2333,"angle":29.28},{"time":1.5,"angle":0}],"translate":[{"time":0,"x":0,"y":0,"curve":[0,0.04,0.423,0.99]},{"time":0.1,"x":3.83,"y":4.11},{"time":0.2667,"x":-10.93,"y":6.4},{"time":0.6,"x":1.4,"y":5.87},{"time":0.9333,"x":-5.81,"y":5.53},{"time":1.2333,"x":-0.03,"y":4.91},{"time":1.5,"x":-2.67,"y":5}],"scale":[{"time":0,"x":1,"y":1,"curve":[0,0.04,0.423,0.99]},{"time":0.2667,"x":0.9,"y":1},{"time":0.6,"x":1.156,"y":1},{"time":0.9333,"x":0.987,"y":1},{"time":1.2333,"x":0.966,"y":1},{"time":1.5,"x":1,"y":1}]},"miya_liuhai1":{"rotate":[{"time":0,"angle":0,"curve":[0,0.04,0.423,0.99]},{"time":0.1,"angle":0.39},{"time":0.2667,"angle":-13.3},{"time":0.6,"angle":16.81},{"time":0.9333,"angle":-8.64},{"time":1.2333,"angle":4.45},{"time":1.5,"angle":0}],"translate":[{"time":0,"x":0,"y":0,"curve":[0,0.04,0.423,0.99]},{"time":0.2667,"x":-3.32,"y":-1.6},{"time":0.6,"x":1.12,"y":1.42},{"time":0.9333,"x":-1.22,"y":-0.71},{"time":1.2333,"x":-2.04,"y":-0.44},{"time":1.5,"x":0,"y":0}]},"miya_liuhai2":{"rotate":[{"time":0,"angle":0,"curve":[0,0.04,0.423,0.99]},{"time":0.1,"angle":-4.28},{"time":0.2667,"angle":13.69},{"time":0.6,"angle":-34.82},{"time":0.9333,"angle":5.26},{"time":1.2333,"angle":-6.2},{"time":1.5,"angle":0}],"translate":[{"time":0,"x":0,"y":0,"curve":[0,0.04,0.423,0.99]},{"time":0.2667,"x":-1.29,"y":-0.6},{"time":0.6,"x":1.79,"y":-0.25},{"time":0.9333,"x":-1.35,"y":-0.4},{"time":1.2333,"x":0.12,"y":-1.33},{"time":1.5,"x":0,"y":0}]},"miya_toufa":{"rotate":[{"time":0,"angle":0,"curve":[0,0.04,0.423,0.99]},{"time":0.1,"angle":-11.99},{"time":0.2667,"angle":46.46},{"time":0.6,"angle":-17.95},{"time":0.9333,"angle":23},{"time":1.5,"angle":0}],"translate":[{"time":0,"x":0,"y":0,"curve":[0,0.04,0.423,0.99]},{"time":0.1,"x":-3.59,"y":0.83},{"time":0.2667,"x":-2.67,"y":3.7},{"time":0.6,"x":-1.49,"y":-1.78},{"time":0.9333,"x":-2.92,"y":-1.62},{"time":1.5,"x":0,"y":0}]},"miya_eye":{"translate":[{"time":0,"x":0,"y":0},{"time":0.2667,"x":-23.93,"y":0},{"time":0.6667,"x":8.11,"y":0},{"time":1.1667,"x":-14.9,"y":0},{"time":1.5667,"x":0,"y":0}],"scale":[{"time":0.6,"x":1,"y":1},{"time":0.7333,"x":0.017,"y":1},{"time":0.8667,"x":1,"y":1}]},"miya_gebo2":{"rotate":[{"time":0,"angle":0,"curve":[0,0.04,0.423,0.99]},{"time":0.2667,"angle":12.68},{"time":0.5333,"angle":0},{"time":0.8,"angle":12.68},{"time":1.0333,"angle":0},{"time":1.3,"angle":12.68},{"time":1.5667,"angle":-0.82}]},"miya_zui":{"translate":[{"time":0,"x":0,"y":0},{"time":0.2667,"x":-11.24,"y":0},{"time":0.6667,"x":21.79,"y":0},{"time":1.1667,"x":-8.64,"y":0},{"time":1.5667,"x":0,"y":0}],"scale":[{"time":0,"x":1,"y":1,"curve":[0,0.04,0.423,0.99]},{"time":0.3333,"x":0.981,"y":0.981},{"time":0.6667,"x":2.268,"y":2.268},{"time":1.1667,"x":1,"y":1,"curve":"stepped"},{"time":1.5667,"x":1,"y":1}]},"miya_sai2":{"translate":[{"time":0,"x":0,"y":0,"curve":[0,0.04,0.423,0.99]},{"time":0.2667,"x":-19.2,"y":0},{"time":0.6667,"x":14.8,"y":0},{"time":1.1667,"x":-13.62,"y":0},{"time":1.5667,"x":0,"y":0}]},"miya_sai1":{"translate":[{"time":0,"x":0,"y":0,"curve":[0,0.04,0.423,0.99]},{"time":0.2667,"x":-19.2,"y":0},{"time":0.6667,"x":14.8,"y":0},{"time":1.1667,"x":-13.62,"y":0},{"time":1.5667,"x":0,"y":0}]},"miya_tou":{"scale":[{"time":0,"x":1,"y":1},{"time":0.2667,"x":0.869,"y":1.051},{"time":0.6,"x":1.054,"y":0.966},{"time":0.9333,"x":0.968,"y":1.03},{"time":1.3333,"x":1,"y":1}]},"miya_gebo1":{"rotate":[{"time":0,"angle":0,"curve":[0,0.04,0.423,0.99]},{"time":0.2667,"angle":8.27},{"time":0.6,"angle":-1.63},{"time":0.9333,"angle":0.2},{"time":1.3333,"angle":0}]},"miya_lian":{"translate":[{"time":0,"x":0,"y":0},{"time":0.2667,"x":-13.06,"y":0},{"time":0.6,"x":8.32,"y":0},{"time":1,"x":-6.25,"y":0},{"time":1.5,"x":0,"y":0}],"scale":[{"time":0,"x":1,"y":1},{"time":0.2667,"x":0.935,"y":1},{"time":0.6,"x":1.088,"y":1},{"time":1,"x":0.972,"y":1},{"time":1.5,"x":1,"y":1}]},"miya_ying":{"translate":[{"time":0,"x":0,"y":0},{"time":0.2667,"x":-1.4,"y":-24.5},{"time":0.6,"x":-6.53,"y":1.29},{"time":0.9333,"x":0,"y":0}],"scale":[{"time":0,"x":1,"y":1},{"time":0.2667,"x":1.093,"y":1.144},{"time":0.6,"x":0.763,"y":0.998},{"time":0.9333,"x":1,"y":1}]},"miya_body":{"translate":[{"time":0,"x":0,"y":0},{"time":0.2667,"x":-0.23,"y":-6.93},{"time":0.6,"x":0.27,"y":8.24},{"time":0.9333,"x":-0.03,"y":-0.79},{"time":1.5,"x":0,"y":0}],"scale":[{"time":0.2667,"x":1,"y":1}]}}},"miya_idle":{"bones":{"red_houce":{"scale":[{"time":0,"x":1,"y":1,"curve":[0,0.04,0.423,0.99]},{"time":0.8333,"x":0.95,"y":0.95,"curve":[0,0.04,0.423,0.99]},{"time":1.8333,"x":1,"y":1}]},"red_sanjiao1":{"rotate":[{"time":0,"angle":0},{"time":0.8333,"angle":6.14},{"time":1.8333,"angle":0}],"scale":[{"time":0,"x":1,"y":1,"curve":[0,0.04,0.371,0.51]},{"time":0.8333,"x":1.098,"y":1.098,"curve":[0.304,0.59,0.64,0.98]},{"time":1.8333,"x":1,"y":1}]},"red_sanjiao1_ying":{"scale":[{"time":0,"x":1,"y":1,"curve":[0,0.04,0.423,0.99]},{"time":0.8333,"x":0.838,"y":0.838,"curve":[0,0.04,0.423,0.99]},{"time":1.8333,"x":1,"y":1}]},"red_sanjiao2":{"rotate":[{"time":0,"angle":0},{"time":0.8333,"angle":-9.96},{"time":1.8333,"angle":0}],"scale":[{"time":0,"x":1,"y":1,"curve":[0,0.04,0.423,0.99]},{"time":0.8333,"x":1.048,"y":1.048,"curve":[0,0.04,0.381,0.56]},{"time":1.8333,"x":1,"y":1}]},"red_sanjiao2_ying2":{"scale":[{"time":0,"x":1,"y":1,"curve":[0,0.04,0.423,0.99]},{"time":0.8333,"x":0.907,"y":0.907,"curve":[0,0.04,0.423,0.99]},{"time":1.8333,"x":1,"y":1}]},"red_sanjiao3":{"rotate":[{"time":0,"angle":0},{"time":0.8333,"angle":-12.35},{"time":1.8333,"angle":0}],"scale":[{"time":0,"x":1,"y":1,"curve":[0,0.04,0.423,0.99]},{"time":0.8333,"x":1.1,"y":0.932,"curve":[0,0.04,0.423,0.99]},{"time":1.8333,"x":1,"y":1}]},"red_sanjiao3_ying":{"scale":[{"time":0,"x":1,"y":1,"curve":[0,0.04,0.423,0.99]},{"time":0.8333,"x":0.835,"y":0.835,"curve":[0,0.04,0.423,0.99]},{"time":1.8333,"x":1,"y":1}]},"red_ying":{"translate":[{"time":0,"x":0,"y":0,"curve":"stepped"},{"time":0.8333,"x":0,"y":0,"curve":"stepped"},{"time":1.8333,"x":0,"y":0}],"scale":[{"time":0,"x":1,"y":1,"curve":"stepped"},{"time":0.8333,"x":1,"y":1,"curve":"stepped"},{"time":1.8333,"x":1,"y":1}]},"miya_er1":{"rotate":[{"time":0,"angle":0},{"time":0.5,"angle":20.12},{"time":1.3333,"angle":-17.29},{"time":1.8333,"angle":0}]},"miya_er2":{"rotate":[{"time":0,"angle":0},{"time":0.5,"angle":39.25},{"time":1.3333,"angle":-14.96},{"time":1.8333,"angle":0}]},"miya_liuhai1":{"rotate":[{"time":0,"angle":0,"curve":"stepped"},{"time":0.8333,"angle":0,"curve":"stepped"},{"time":1.8333,"angle":0}],"translate":[{"time":0,"x":0,"y":0,"curve":"stepped"},{"time":0.8333,"x":0,"y":0,"curve":"stepped"},{"time":1.8333,"x":0,"y":0}]},"miya_liuhai2":{"rotate":[{"time":0,"angle":0,"curve":"stepped"},{"time":0.8333,"angle":0,"curve":"stepped"},{"time":1.8333,"angle":0}],"translate":[{"time":0,"x":0,"y":0,"curve":"stepped"},{"time":0.8333,"x":0,"y":0,"curve":"stepped"},{"time":1.8333,"x":0,"y":0}]},"miya_toufa":{"rotate":[{"time":0,"angle":0},{"time":0.5,"angle":32.22},{"time":1.3333,"angle":-16.12},{"time":1.8333,"angle":0}]},"miya_gebo2":{"rotate":[{"time":0,"angle":0,"curve":[0,0.04,0.423,0.99]},{"time":0.8333,"angle":18.15,"curve":[0,0.04,0.423,0.99]},{"time":1.8333,"angle":0}],"translate":[{"time":0,"x":0,"y":0},{"time":0.8333,"x":-2.23,"y":5.35},{"time":1.8333,"x":0,"y":0}]},"miya_zui":{"scale":[{"time":0,"x":1,"y":1,"curve":[0,0.04,0.423,0.99]},{"time":0.8333,"x":1.544,"y":1.544,"curve":[0,0.04,0.423,0.99]},{"time":1.8333,"x":1,"y":1}]},"miya_sai2":{"translate":[{"time":0,"x":0,"y":0,"curve":"stepped"},{"time":0.8333,"x":0,"y":0,"curve":"stepped"},{"time":1.8333,"x":0,"y":0}]},"miya_sai1":{"translate":[{"time":0,"x":0,"y":0,"curve":"stepped"},{"time":0.8333,"x":0,"y":0,"curve":"stepped"},{"time":1.8333,"x":0,"y":0}]},"miya_tou":{"rotate":[{"time":0,"angle":0},{"time":0.8333,"angle":-6.87},{"time":1.8333,"angle":0}],"scale":[{"time":0,"x":1,"y":1},{"time":0.8333,"x":0.972,"y":1},{"time":1.8333,"x":1,"y":1}]},"miya_gebo1":{"rotate":[{"time":0,"angle":0},{"time":0.8333,"angle":8.8},{"time":1.8333,"angle":0}]},"miya_eye":{"scale":[{"time":0.3333,"x":1,"y":1},{"time":0.5,"x":-0.009,"y":1},{"time":0.6667,"x":1,"y":1}]},"miya_ying":{"translate":[{"time":0,"x":0,"y":0},{"time":0.8333,"x":-4.5,"y":7.19},{"time":1.8333,"x":0,"y":0}],"scale":[{"time":0,"x":1,"y":1},{"time":0.8333,"x":1,"y":0.962},{"time":1.8333,"x":1,"y":1}]}}}}}