{"skeleton":{"hash":"ZsriVTllivoY+bsjJVI/+qL4RDs","spine":"3.7.94","width":534,"height":426},"bones":[{"name":"root"},{"name":"yellow_houceng","parent":"root","length":46.64,"rotation":1.55,"x":5.56,"y":35.57},{"name":"xingzhuang","parent":"yellow_houceng","x":-5.84,"y":-99.42},{"name":"pai_ying","parent":"yellow_houceng","length":40.95,"rotation":179.33,"x":113.55,"y":3.86},{"name":"yellow_yuan","parent":"yellow_houceng","x":-147.4,"y":72.68},{"name":"yellow_fang","parent":"yellow_houceng","x":-50.94,"y":167.13},{"name":"yellow_sanjiao","parent":"yellow_houceng","x":-35.21,"y":18.66},{"name":"yellow_yuan_ying","parent":"yellow_houceng","x":-156.65,"y":55.36},{"name":"yellow_fang_ying","parent":"yellow_houceng","x":-57.81,"y":147.36},{"name":"yellow_sanjiao_ying","parent":"yellow_houceng","x":-48.74,"y":5.94},{"name":"pai_body","parent":"yellow_houceng","length":118.83,"rotation":86.02,"x":139.11,"y":-91.01},{"name":"pai_wg","parent":"pai_body","length":33.38,"rotation":-89.28,"x":165.5,"y":3.24},{"name":"pai_duzi","parent":"pai_body","x":48.57,"y":-8.59},{"name":"pai_toufa","parent":"pai_body","x":245.7,"y":-4.7},{"name":"pai_er1","parent":"pai_body","length":34.59,"rotation":31.49,"x":219.91,"y":61.46},{"name":"pai_er2","parent":"pai_body","length":36.04,"rotation":-41.94,"x":212.09,"y":-71.15},{"name":"pai_gebo2","parent":"pai_body","length":69.07,"rotation":-40.77,"x":105.9,"y":-91.86},{"name":"pai_gebo1","parent":"pai_body","length":58.77,"rotation":155.06,"x":135.13,"y":88.21},{"name":"pai_yanjing","parent":"pai_wg","rotation":89.28,"x":4.31,"y":12.7},{"name":"pai_eye","parent":"pai_wg","rotation":89.28,"x":3.27,"y":6.53},{"name":"pai_zui2","parent":"pai_wg","rotation":89.28,"x":-10.78,"y":-16.62},{"name":"pai1_zui1","parent":"pai_zui2","x":0.3,"y":7.39},{"name":"yellow_ying","parent":"root","length":20.27,"rotation":-88.26,"x":-2.26,"y":-119.81}],"slots":[{"name":"yellow_ying","bone":"yellow_ying","attachment":"yellow_ying"},{"name":"yellow_houceng","bone":"yellow_houceng","attachment":"yellow_houceng"},{"name":"yellow_sanjiao_ying","bone":"yellow_sanjiao_ying","attachment":"yellow_sanjiao_ying"},{"name":"yellow_fang_ying","bone":"yellow_fang_ying","attachment":"yellow_fang_ying"},{"name":"yellow_yuan_ying","bone":"yellow_yuan_ying","attachment":"yellow_yuan_ying"},{"name":"pai_ying","bone":"pai_ying","attachment":"pai_ying"},{"name":"pai_er1","bone":"pai_er1","attachment":"pai_er1"},{"name":"pai_er2","bone":"pai_er2","attachment":"pai_er2"},{"name":"pai_body","bone":"pai_body","attachment":"pai_body"},{"name":"pai_duzi","bone":"pai_duzi","attachment":"pai_duzi"},{"name":"pai_gebo1","bone":"pai_gebo1","attachment":"pai_gebo1"},{"name":"pai_shou1","bone":"pai_gebo1","attachment":"pai_shou1"},{"name":"pai_yanjing","bone":"pai_yanjing","attachment":"pai_yanjing"},{"name":"pai_eye","bone":"pai_eye","attachment":"pai_eye"},{"name":"pai_zui2","bone":"pai_zui2","attachment":"pai_zui2"},{"name":"pai1_zui1","bone":"pai1_zui1","attachment":"pai1_zui1"},{"name":"pai_toufa","bone":"pai_toufa","attachment":"pai_toufa"},{"name":"pai_gebo2","bone":"pai_gebo2","attachment":"pai_gebo2"},{"name":"pai_shou2","bone":"pai_gebo2","attachment":"pai_shou2"},{"name":"yellow_sanjiao","bone":"yellow_sanjiao","attachment":"yellow_sanjiao"},{"name":"yellow_fang","bone":"yellow_fang","attachment":"yellow_fang"},{"name":"yellow_yuan","bone":"yellow_yuan","attachment":"yellow_yuan"},{"name":"xingzhuang","bone":"xingzhuang","attachment":"xingzhuang"},{"name":"pai_gebo1_r","bone":"root"},{"name":"pai_gebo2_r","bone":"root"}],"skins":{"default":{"pai1_zui1":{"pai1_zui1":{"x":0.13,"y":0.29,"rotation":-87.57,"width":13,"height":14}},"pai_body":{"pai_body":{"x":98.65,"y":-2.67,"rotation":-87.57,"width":215,"height":279}},"pai_duzi":{"pai_duzi":{"x":0.86,"y":-1.68,"rotation":-87.57,"width":140,"height":112}},"pai_er1":{"pai_er1":{"x":14.91,"y":-0.19,"rotation":-119.05,"width":43,"height":59}},"pai_er2":{"pai_er2":{"x":18.57,"y":-4.59,"rotation":-45.63,"width":42,"height":56}},"pai_eye":{"pai_eye":{"x":1.69,"y":-3.54,"rotation":-87.57,"width":71,"height":13},"pai_eye_r":{"x":3.04,"y":-2.41,"rotation":-87.57,"width":92,"height":28}},"pai_gebo1":{"pai_gebo1":{"x":49.48,"y":7.32,"rotation":117.37,"width":46,"height":105},"pai_gebo1_r":{"x":52.51,"y":-9.48,"rotation":-102.2,"width":83,"height":162}},"pai_gebo2":{"pai_gebo2":{"x":54.56,"y":11.34,"rotation":-46.8,"width":70,"height":119},"pai_gebo2_r":{"x":57.61,"y":20.02,"rotation":-46.8,"width":81,"height":156}},"pai_shou1":{"pai_shou1":{"x":92.49,"y":34.09,"rotation":117.37,"width":48,"height":46},"pai_shou1_r":{"x":124.25,"y":-5.81,"rotation":-94.47,"width":46,"height":43}},"pai_shou2":{"pai_shou2":{"x":80.31,"y":54.04,"rotation":-46.8,"width":49,"height":47},"pai_shou2_r":{"x":123.52,"y":56.75,"rotation":-46.8,"width":46,"height":43}},"pai_toufa":{"pai_toufa":{"x":-10.4,"y":1.33,"rotation":-87.57,"width":146,"height":66}},"pai_yanjing":{"pai_yanjing":{"x":-5.02,"y":-2.1,"rotation":-87.57,"width":132,"height":56}},"pai_ying":{"pai_ying":{"x":-3.53,"y":-4.25,"rotation":179.12,"width":216,"height":285},"pai_ying2":{"x":4.97,"y":-7.61,"rotation":179.12,"width":233,"height":278}},"pai_zui2":{"pai_zui2":{"x":1.29,"y":-0.79,"rotation":-87.57,"width":60,"height":31}},"xingzhuang":{"xingzhuang":{"x":0.03,"y":0.77,"rotation":-1.55,"width":450,"height":119}},"yellow_fang":{"yellow_fang":{"x":1.28,"y":-0.99,"rotation":-1.55,"width":116,"height":116}},"yellow_fang_ying":{"yellow_fang_ying":{"x":3.68,"y":1.89,"rotation":-1.55,"width":116,"height":116}},"yellow_houceng":{"yellow_houceng":{"x":-3.7,"y":-2.17,"rotation":-1.55,"width":457,"height":312}},"yellow_sanjiao":{"yellow_sanjiao":{"x":3.71,"y":5.44,"rotation":-1.55,"width":106,"height":105}},"yellow_sanjiao_ying":{"yellow_sanjiao_ying":{"x":7.93,"y":6.39,"rotation":-1.55,"width":106,"height":105}},"yellow_ying":{"yellow_ying":{"x":2.08,"y":6.12,"rotation":88.26,"width":431,"height":92}},"yellow_yuan":{"yellow_yuan":{"x":3.12,"y":-2.02,"rotation":-1.55,"width":98,"height":98}},"yellow_yuan_ying":{"yellow_yuan_ying":{"x":3.97,"y":0.52,"rotation":-1.55,"width":98,"height":98}}}},"animations":{"paipai_daan_dianji":{"slots":{"pai_eye":{"attachment":[{"time":0,"name":"pai_eye_r"}]},"pai_gebo1":{"attachment":[{"time":0,"name":"pai_gebo1_r"}]},"pai_gebo2":{"attachment":[{"time":0,"name":"pai_gebo2_r"}]},"pai_shou1":{"attachment":[{"time":0,"name":"pai_shou1_r"}]},"pai_shou2":{"attachment":[{"time":0,"name":"pai_shou2_r"}]},"pai_ying":{"attachment":[{"time":0,"name":"pai_ying2"}]}},"bones":{"pai_body":{"rotate":[{"time":0,"angle":0}],"translate":[{"time":0,"x":0,"y":0}],"scale":[{"time":0,"x":1,"y":1,"curve":[0.25,0,0.222,1]},{"time":0.1667,"x":0.873,"y":1.079,"curve":[0.25,0,0.75,1]},{"time":0.4333,"x":1.196,"y":0.94,"curve":[0.25,0,0.75,1]},{"time":0.8333,"x":0.921,"y":1.109,"curve":[0.25,0,0.75,1]},{"time":1.1667,"x":1.054,"y":0.962,"curve":[0.25,0,0.75,1]},{"time":1.5,"x":1,"y":1}]},"pai_wg":{"rotate":[{"time":0,"angle":0}],"translate":[{"time":0,"x":0,"y":0,"curve":[0.25,0,0.31,1]},{"time":0.2333,"x":-12.43,"y":2.22,"curve":[0.25,0,0.75,1]},{"time":0.5,"x":10.76,"y":3.43,"curve":[0.25,0,0.75,1]},{"time":0.9,"x":-15.1,"y":2.48,"curve":[0.25,0,0.75,1]},{"time":1.2333,"x":9.87,"y":0.45,"curve":[0.25,0,0.75,1]},{"time":1.5,"x":0,"y":0}],"scale":[{"time":0,"x":1,"y":1}]},"pai_toufa":{"rotate":[{"time":0,"angle":0}],"translate":[{"time":0,"x":0,"y":0,"curve":[0.25,0,0.272,1]},{"time":0.2333,"x":0.4,"y":0.02,"curve":[0.25,0,0.75,1]},{"time":0.5,"x":2.21,"y":0.2,"curve":[0.25,0,0.75,1]},{"time":0.9,"x":4.78,"y":0.24,"curve":[0.25,0,0.75,1]},{"time":1.2333,"x":1.65,"y":0.08,"curve":[0.25,0,0.75,1]},{"time":1.5,"x":0,"y":0}],"scale":[{"time":0,"x":1,"y":1,"curve":[0.25,0,0.272,1]},{"time":0.2333,"x":1.48,"y":1.108,"curve":[0.25,0,0.75,1]},{"time":0.5,"x":0.789,"y":0.997,"curve":[0.25,0,0.75,1]},{"time":0.9,"x":1.555,"y":1.062,"curve":[0.25,0,0.75,1]},{"time":1.2333,"x":0.913,"y":0.96,"curve":[0.25,0,0.75,1]},{"time":1.5,"x":1,"y":1}]},"pai_duzi":{"rotate":[{"time":0,"angle":0}],"translate":[{"time":0,"x":0,"y":0,"curve":[0.25,0,0.75,1]},{"time":0.2,"x":16.31,"y":0.58,"curve":[0.25,0,0.75,1]},{"time":0.4667,"x":-2.76,"y":-0.44,"curve":[0.25,0,0.75,1]},{"time":0.8667,"x":9.02,"y":-0.02,"curve":[0.25,0,0.75,1]},{"time":1.2,"x":-11.46,"y":-0.53,"curve":[0.25,0,0.75,1]},{"time":1.5,"x":0,"y":0}],"scale":[{"time":0,"x":1,"y":1,"curve":[0.25,0,0.316,1]},{"time":0.2,"x":0.997,"y":1.11,"curve":[0.25,0,0.75,1]},{"time":0.4667,"x":1.153,"y":0.933,"curve":[0.25,0,0.75,1]},{"time":0.8667,"x":0.966,"y":0.941,"curve":[0.25,0,0.316,1]},{"time":1.2,"x":1.132,"y":0.905,"curve":[0.25,0,0.316,1]},{"time":1.5,"x":1,"y":1}]},"pai_er1":{"rotate":[{"time":0,"angle":0,"curve":[0.25,0,0.75,1]},{"time":0.2667,"angle":-6.74,"curve":[0.25,0,0.75,1]},{"time":0.5333,"angle":56.22,"curve":[0.25,0,0.75,1]},{"time":0.9333,"angle":-15.72,"curve":[0.25,0,0.75,1]},{"time":1.2667,"angle":43.76,"curve":[0.25,0,0.75,1]},{"time":1.5,"angle":0}],"translate":[{"time":0,"x":0,"y":0,"curve":[0.25,0,0.75,1]},{"time":0.2667,"x":0.64,"y":-14.25,"curve":[0.25,0,0.75,1]},{"time":0.5333,"x":-16.32,"y":-19.41,"curve":[0.25,0,0.75,1]},{"time":0.9333,"x":-7.74,"y":-7.48,"curve":[0.25,0,0.75,1]},{"time":1.2667,"x":-11.13,"y":-10.69,"curve":[0.25,0,0.75,1]},{"time":1.5,"x":0,"y":0}],"scale":[{"time":0,"x":1,"y":1,"curve":[0.25,0,0.75,1]},{"time":0.2667,"x":1.341,"y":1.204,"curve":[0.25,0,0.75,1]},{"time":0.5333,"x":1.338,"y":1,"curve":[0.25,0,0.75,1]},{"time":0.9333,"x":1.682,"y":1.244,"curve":[0.25,0,0.75,1]},{"time":1.2667,"x":1.289,"y":1,"curve":[0.25,0,0.75,1]},{"time":1.5,"x":1,"y":1}]},"pai_er2":{"rotate":[{"time":0,"angle":0,"curve":[0.25,0,0.75,1]},{"time":0.2667,"angle":25.79,"curve":[0.25,0,0.75,1]},{"time":0.5333,"angle":-39.89,"curve":[0.25,0,0.75,1]},{"time":0.9333,"angle":36.52,"curve":[0.25,0,0.75,1]},{"time":1.2667,"angle":-17.86,"curve":[0.25,0,0.75,1]},{"time":1.5,"angle":0}],"translate":[{"time":0,"x":0,"y":0,"curve":[0.25,0,0.75,1]},{"time":0.2667,"x":10.51,"y":16.84,"curve":[0.25,0,0.75,1]},{"time":0.5333,"x":-9.99,"y":32.22,"curve":[0.25,0,0.75,1]},{"time":0.9333,"x":5.46,"y":18.53,"curve":[0.25,0,0.75,1]},{"time":1.2667,"x":-8.32,"y":8.19,"curve":[0.25,0,0.75,1]},{"time":1.5,"x":0,"y":0}],"scale":[{"time":0,"x":1,"y":1,"curve":[0.25,0,0.75,1]},{"time":0.2667,"x":1.364,"y":1.364,"curve":[0.25,0,0.75,1]},{"time":0.5333,"x":1.592,"y":1.234,"curve":[0.25,0,0.75,1]},{"time":0.9333,"x":1.664,"y":1.388,"curve":[0.25,0,0.75,1]},{"time":1.2667,"x":1.177,"y":1.179,"curve":[0.25,0,0.75,1]},{"time":1.5,"x":1,"y":1}]},"pai_eye":{"rotate":[{"time":0,"angle":0}],"translate":[{"time":0,"x":0,"y":0,"curve":[0.25,0,0.75,1]},{"time":0.2667,"x":-3.34,"y":-7.28,"curve":[0.25,0,0.75,1]},{"time":0.5333,"x":-3.84,"y":5.42,"curve":[0.25,0,0.75,1]},{"time":0.9333,"x":-5.44,"y":-6.72,"curve":[0.25,0,0.75,1]},{"time":1.2667,"x":-0.68,"y":3.62,"curve":[0.25,0,0.75,1]},{"time":1.5,"x":0,"y":0}],"scale":[{"time":0,"x":1,"y":1,"curve":"stepped"},{"time":0.1667,"x":1,"y":1,"curve":[0.25,0,0.625,0.5]},{"time":0.2667,"x":0.408,"y":1,"curve":[0.375,0.5,0.75,1]},{"time":0.4,"x":1,"y":1,"curve":[0.25,0,0.75,1]},{"time":0.6,"x":1.793,"y":1,"curve":[0.25,0,0.75,1]},{"time":0.8,"x":1,"y":1}]},"pai_zui2":{"rotate":[{"time":0,"angle":0}],"translate":[{"time":0,"x":0,"y":0,"curve":[0.25,0,0.75,1]},{"time":0.2333,"x":-0.15,"y":6.42,"curve":[0.25,0,0.75,1]},{"time":0.5,"x":0.39,"y":-9.99,"curve":[0.25,0,0.75,1]},{"time":0.9,"x":0.19,"y":-1.42,"curve":[0.25,0,0.75,1]},{"time":1.2333,"x":0.37,"y":-6.93,"curve":[0.25,0,0.75,1]},{"time":1.5,"x":0,"y":0}],"scale":[{"time":0,"x":1,"y":1,"curve":[0.25,0,0.75,1]},{"time":0.2333,"x":0.834,"y":1.143,"curve":[0.25,0,0.75,1]},{"time":0.5,"x":1.049,"y":0.901,"curve":[0.25,0,0.75,1]},{"time":0.9,"x":0.848,"y":0.995,"curve":[0.25,0,0.75,1]},{"time":1.2333,"x":1.05,"y":0.944,"curve":[0.25,0,0.75,1]},{"time":1.5,"x":1,"y":1}]},"pai1_zui1":{"rotate":[{"time":0,"angle":0}],"translate":[{"time":0,"x":0,"y":0}],"scale":[{"time":0,"x":1,"y":1,"curve":[0.25,0,0.75,1]},{"time":0.2333,"x":0.834,"y":1.513,"curve":[0.25,0,0.75,1]},{"time":0.5,"x":1.316,"y":1.513,"curve":[0.25,0,0.75,1]},{"time":0.9,"x":1.072,"y":1.937,"curve":[0.25,0,0.75,1]},{"time":1.2333,"x":1.087,"y":1.189,"curve":[0.25,0,0.75,1]},{"time":1.5,"x":1,"y":1}]},"pai_gebo2":{"rotate":[{"time":0,"angle":0,"curve":[0.25,0,0.75,1]},{"time":0.2667,"angle":29.36,"curve":[0.25,0,0.75,1]},{"time":0.6,"angle":-5.76,"curve":[0.25,0,0.75,1]},{"time":0.9333,"angle":12.12,"curve":[0.25,0,0.75,1]},{"time":1.2667,"angle":-3.37,"curve":[0.25,0,0.75,1]},{"time":1.5,"angle":0}],"translate":[{"time":0,"x":0,"y":0,"curve":[0.25,0,0.75,1]},{"time":0.2667,"x":-0.32,"y":7.23,"curve":[0.25,0,0.75,1]},{"time":0.6,"x":0,"y":0,"curve":[0.25,0,0.75,1]},{"time":0.9333,"x":-0.18,"y":3.69,"curve":[0.25,0,0.75,1]},{"time":1.2667,"x":0,"y":0,"curve":"stepped"},{"time":1.5,"x":0,"y":0}],"scale":[{"time":0,"x":1,"y":1,"curve":[0.25,0,0.75,1]},{"time":0.2667,"x":0.668,"y":1.057,"curve":[0.25,0,0.75,1]},{"time":0.6,"x":1.227,"y":1,"curve":[0.25,0,0.75,1]},{"time":0.9333,"x":0.852,"y":1,"curve":[0.25,0,0.75,1]},{"time":1.2667,"x":1.114,"y":1,"curve":[0.25,0,0.75,1]},{"time":1.5,"x":1,"y":1}]},"pai_gebo1":{"rotate":[{"time":0,"angle":-132.85,"curve":[0.25,0,0.75,1]},{"time":0.2667,"angle":-179.97,"curve":[0.25,0,0.75,1]},{"time":0.6,"angle":-131.29,"curve":[0.25,0,0.75,1]},{"time":0.9333,"angle":-152.9,"curve":[0.25,0,0.75,1]},{"time":1.2667,"angle":-132.06,"curve":[0.25,0,0.75,1]},{"time":1.5,"angle":-132.85}],"translate":[{"time":0,"x":-23.15,"y":3.81,"curve":[0.25,0,0.75,1]},{"time":0.2667,"x":-13.95,"y":0.17,"curve":[0.25,0,0.75,1]},{"time":0.6,"x":-23.15,"y":3.81}],"scale":[{"time":0,"x":1,"y":1,"curve":[0.25,0,0.75,1]},{"time":0.2667,"x":0.743,"y":1,"curve":[0.25,0,0.75,1]},{"time":0.6,"x":1.143,"y":1,"curve":[0.25,0,0.75,1]},{"time":0.9333,"x":0.862,"y":1,"curve":[0.25,0,0.75,1]},{"time":1.2667,"x":1.046,"y":1,"curve":[0.25,0,0.75,1]},{"time":1.5,"x":1,"y":1}]},"pai_ying":{"rotate":[{"time":0,"angle":0}],"translate":[{"time":0,"x":0,"y":0}],"scale":[{"time":0,"x":1,"y":1,"curve":[0.25,0,0.279,1]},{"time":0.1667,"x":1.156,"y":1,"curve":[0.25,0,0.75,1]},{"time":0.4333,"x":0.985,"y":1,"curve":[0.25,0,0.75,1]},{"time":0.8333,"x":1.238,"y":1,"curve":[0.25,0,0.75,1]},{"time":1.1667,"x":0.974,"y":1,"curve":[0.25,0,0.75,1]},{"time":1.5,"x":1,"y":1}]},"yellow_houceng":{"rotate":[{"time":0,"angle":0}],"translate":[{"time":0,"x":0,"y":0}],"scale":[{"time":0,"x":1,"y":1,"curve":[0.25,0,0.75,1]},{"time":0.1333,"x":0.688,"y":0.688,"curve":[0.25,0,0.75,1]},{"time":0.3667,"x":1.258,"y":1.258,"curve":[0.25,0,0.75,1]},{"time":0.6667,"x":0.891,"y":0.891,"curve":[0.25,0,0.75,1]},{"time":0.9333,"x":1,"y":1}]},"yellow_ying":{"rotate":[{"time":0,"angle":0}],"translate":[{"time":0,"x":0,"y":0,"curve":[0.31,0,0.644,0.35]},{"time":0.1333,"x":0,"y":10.17,"curve":[0.307,0.2,0.643,0.55]},{"time":0.3667,"x":0,"y":-28.18,"curve":[0.31,0.26,0.653,0.62]},{"time":0.6667,"x":0,"y":5.09,"curve":[0.25,0,0.75,1]},{"time":0.9333,"x":0,"y":0}],"scale":[{"time":0,"x":1,"y":1,"curve":[0.25,0,0.75,1]},{"time":0.1333,"x":0.688,"y":0.688,"curve":[0.25,0,0.75,1]},{"time":0.3667,"x":1.258,"y":1.258,"curve":[0.25,0,0.75,1]},{"time":0.6667,"x":0.891,"y":0.891,"curve":[0.25,0,0.75,1]},{"time":0.9333,"x":1,"y":1}]},"yellow_fang":{"rotate":[{"time":0,"angle":0,"curve":"stepped"},{"time":1.0667,"angle":0,"curve":"stepped"},{"time":1.3333,"angle":0}],"translate":[{"time":0,"x":0,"y":0,"curve":"stepped"},{"time":1.0667,"x":0,"y":0,"curve":"stepped"},{"time":1.3333,"x":0,"y":0}],"scale":[{"time":0,"x":1,"y":1,"curve":[0.25,0,0.75,1]},{"time":0.2,"x":0.547,"y":0.547,"curve":[0.25,0,0.75,1]},{"time":0.4667,"x":1.44,"y":1.44,"curve":[0.25,0,0.75,1]},{"time":0.7667,"x":0.774,"y":0.774,"curve":[0.25,0,0.75,1]},{"time":1.0667,"x":1.127,"y":1.127,"curve":[0.25,0,0.75,1]},{"time":1.3333,"x":1,"y":1}]},"yellow_fang_ying":{"rotate":[{"time":0,"angle":0,"curve":"stepped"},{"time":1.0667,"angle":0,"curve":"stepped"},{"time":1.3333,"angle":0}],"translate":[{"time":0,"x":0,"y":0,"curve":"stepped"},{"time":1.0667,"x":0,"y":0,"curve":"stepped"},{"time":1.3333,"x":0,"y":0}],"scale":[{"time":0,"x":1,"y":1,"curve":[0.25,0,0.75,1]},{"time":0.2,"x":0.547,"y":0.547,"curve":[0.25,0,0.75,1]},{"time":0.4667,"x":1.44,"y":1.44,"curve":[0.25,0,0.75,1]},{"time":0.7667,"x":0.774,"y":0.774,"curve":[0.25,0,0.75,1]},{"time":1.0667,"x":1.127,"y":1.127,"curve":[0.25,0,0.75,1]},{"time":1.3333,"x":1,"y":1}]},"yellow_yuan":{"rotate":[{"time":0,"angle":0,"curve":"stepped"},{"time":1.1333,"angle":0,"curve":"stepped"},{"time":1.4,"angle":0}],"translate":[{"time":0,"x":0,"y":0,"curve":"stepped"},{"time":1.1333,"x":0,"y":0,"curve":"stepped"},{"time":1.4,"x":0,"y":0}],"scale":[{"time":0,"x":1,"y":1,"curve":[0.25,0,0.75,1]},{"time":0.2667,"x":0.547,"y":0.547,"curve":[0.25,0,0.75,1]},{"time":0.5333,"x":1.44,"y":1.44,"curve":[0.25,0,0.75,1]},{"time":0.8333,"x":0.774,"y":0.774,"curve":[0.25,0,0.75,1]},{"time":1.1333,"x":1.127,"y":1.127,"curve":[0.25,0,0.75,1]},{"time":1.4,"x":1,"y":1}]},"yellow_yuan_ying":{"rotate":[{"time":0,"angle":0,"curve":"stepped"},{"time":1.1333,"angle":0,"curve":"stepped"},{"time":1.4,"angle":0}],"translate":[{"time":0,"x":0,"y":0,"curve":"stepped"},{"time":1.1333,"x":0,"y":0,"curve":"stepped"},{"time":1.4,"x":0,"y":0}],"scale":[{"time":0,"x":1,"y":1,"curve":[0.25,0,0.75,1]},{"time":0.2667,"x":0.547,"y":0.547,"curve":[0.25,0,0.75,1]},{"time":0.5333,"x":1.44,"y":1.44,"curve":[0.25,0,0.75,1]},{"time":0.8333,"x":0.774,"y":0.774,"curve":[0.25,0,0.75,1]},{"time":1.1333,"x":1.127,"y":1.127,"curve":[0.25,0,0.75,1]},{"time":1.4,"x":1,"y":1}]},"yellow_sanjiao":{"rotate":[{"time":0,"angle":0,"curve":"stepped"},{"time":1.2,"angle":0,"curve":"stepped"},{"time":1.4667,"angle":0}],"translate":[{"time":0,"x":0,"y":0,"curve":"stepped"},{"time":1.2,"x":0,"y":0,"curve":"stepped"},{"time":1.4667,"x":0,"y":0}],"scale":[{"time":0,"x":1,"y":1,"curve":[0.25,0,0.75,1]},{"time":0.3333,"x":0.547,"y":0.547,"curve":[0.25,0,0.75,1]},{"time":0.6,"x":1.44,"y":1.44,"curve":[0.25,0,0.75,1]},{"time":0.9,"x":0.774,"y":0.774,"curve":[0.25,0,0.75,1]},{"time":1.2,"x":1.127,"y":1.127,"curve":[0.25,0,0.75,1]},{"time":1.4667,"x":1,"y":1}]},"yellow_sanjiao_ying":{"rotate":[{"time":0,"angle":0,"curve":"stepped"},{"time":1.2,"angle":0,"curve":"stepped"},{"time":1.4667,"angle":0}],"translate":[{"time":0,"x":0,"y":0,"curve":"stepped"},{"time":1.2,"x":0,"y":0,"curve":"stepped"},{"time":1.4667,"x":0,"y":0}],"scale":[{"time":0,"x":1,"y":1,"curve":[0.25,0,0.75,1]},{"time":0.3333,"x":0.547,"y":0.547,"curve":[0.25,0,0.75,1]},{"time":0.6,"x":1.44,"y":1.44,"curve":[0.25,0,0.75,1]},{"time":0.9,"x":0.774,"y":0.774,"curve":[0.25,0,0.75,1]},{"time":1.2,"x":1.127,"y":1.127,"curve":[0.25,0,0.75,1]},{"time":1.4667,"x":1,"y":1}]}}},"paipai_daan_idle":{"slots":{"pai_eye":{"attachment":[{"time":0,"name":"pai_eye_r"},{"time":1.8333,"name":"pai_eye_r"}]},"pai_gebo1":{"attachment":[{"time":0,"name":"pai_gebo1_r"},{"time":1.8333,"name":"pai_gebo1_r"}]},"pai_gebo2":{"attachment":[{"time":0,"name":"pai_gebo2_r"},{"time":1.8333,"name":"pai_gebo2_r"}]},"pai_shou1":{"attachment":[{"time":0,"name":"pai_shou1_r"},{"time":1.8333,"name":"pai_shou1_r"}]},"pai_shou2":{"attachment":[{"time":0,"name":"pai_shou2_r"},{"time":1.8333,"name":"pai_shou2_r"}]},"pai_ying":{"attachment":[{"time":0,"name":"pai_ying2"},{"time":1.8333,"name":"pai_ying2"}]}},"bones":{"pai_body":{"rotate":[{"time":0,"angle":0,"curve":"stepped"},{"time":1.8333,"angle":0}],"translate":[{"time":0,"x":0,"y":0,"curve":"stepped"},{"time":1.8333,"x":0,"y":0}],"scale":[{"time":0,"x":1,"y":1,"curve":[0.25,0,0.228,1]},{"time":1,"x":0.941,"y":1,"curve":[0.25,0,0.75,1]},{"time":1.8333,"x":1,"y":1}]},"pai_wg":{"rotate":[{"time":0,"angle":0,"curve":"stepped"},{"time":1.8333,"angle":0}],"translate":[{"time":0,"x":0,"y":0,"curve":[0.25,0,0.75,1]},{"time":1.1333,"x":-7.66,"y":-0.31,"curve":[0.25,0,0.75,1]},{"time":1.8333,"x":0,"y":0}],"scale":[{"time":0,"x":1,"y":1,"curve":[0.25,0,0.75,1]},{"time":1.1333,"x":1,"y":0.882,"curve":[0.25,0,0.75,1]},{"time":1.8333,"x":1,"y":1}]},"pai_toufa":{"rotate":[{"time":0,"angle":0,"curve":"stepped"},{"time":1.8333,"angle":0}],"translate":[{"time":0,"x":0,"y":0,"curve":[0.25,0,0.75,1]},{"time":1.1667,"x":-3.48,"y":-0.14,"curve":[0.25,0,0.75,1]},{"time":1.8333,"x":0,"y":0}],"scale":[{"time":0,"x":1,"y":1,"curve":[0.25,0,0.75,1]},{"time":1.1667,"x":1.198,"y":1,"curve":[0.25,0,0.75,1]},{"time":1.8333,"x":1,"y":1}]},"pai_duzi":{"rotate":[{"time":0,"angle":0,"curve":"stepped"},{"time":1.8333,"angle":0}],"translate":[{"time":0,"x":0,"y":0,"curve":[0.25,0,0.75,1]},{"time":1.1,"x":3.41,"y":0.14,"curve":[0.25,0,0.75,1]},{"time":1.8333,"x":0,"y":0}],"scale":[{"time":0,"x":1,"y":1,"curve":[0.25,0,0.75,1]},{"time":1.1,"x":0.966,"y":1.069,"curve":[0.25,0,0.75,1]},{"time":1.8333,"x":1,"y":1}]},"pai_er1":{"rotate":[{"time":0,"angle":0,"curve":[0.25,0,0.75,1]},{"time":1,"angle":-6.68,"curve":[0.25,0,0.75,1]},{"time":1.1667,"angle":25.63,"curve":[0.25,0,0.75,1]},{"time":1.8333,"angle":0}],"translate":[{"time":0,"x":0,"y":0,"curve":"stepped"},{"time":1,"x":0,"y":0,"curve":[0.25,0,0.75,1]},{"time":1.1667,"x":-4.76,"y":-4.22,"curve":[0.25,0,0.75,1]},{"time":1.8333,"x":0,"y":0}],"scale":[{"time":0,"x":1,"y":1,"curve":"stepped"},{"time":1,"x":1,"y":1,"curve":[0.25,0,0.75,1]},{"time":1.1667,"x":1.136,"y":1.113,"curve":[0.25,0,0.75,1]},{"time":1.8333,"x":1,"y":1}]},"pai_er2":{"rotate":[{"time":0,"angle":0,"curve":[0.25,0,0.75,1]},{"time":1.0667,"angle":23.51,"curve":[0.25,0,0.75,1]},{"time":1.3,"angle":-17.69,"curve":[0.25,0,0.75,1]},{"time":1.5333,"angle":15.09,"curve":[0.25,0,0.75,1]},{"time":1.8333,"angle":0}],"translate":[{"time":0,"x":0,"y":0,"curve":[0.25,0,0.75,1]},{"time":1.0667,"x":-0.06,"y":1.34,"curve":[0.25,0,0.75,1]},{"time":1.3,"x":-2.31,"y":13.64,"curve":[0.25,0,0.75,1]},{"time":1.5333,"x":0,"y":0,"curve":"stepped"},{"time":1.8333,"x":0,"y":0}],"scale":[{"time":0,"x":1,"y":1,"curve":[0.25,0,0.75,1]},{"time":1.0667,"x":1.175,"y":1.056,"curve":[0.25,0,0.75,1]},{"time":1.3,"x":1.213,"y":1.053,"curve":[0.25,0,0.75,1]},{"time":1.5333,"x":1,"y":1,"curve":"stepped"},{"time":1.8333,"x":1,"y":1}]},"pai_eye":{"rotate":[{"time":0,"angle":0,"curve":"stepped"},{"time":1.8333,"angle":0}],"translate":[{"time":0,"x":0,"y":0,"curve":[0.25,0,0.75,1]},{"time":1.1333,"x":0.16,"y":-6.57,"curve":[0.25,0,0.75,1]},{"time":1.8333,"x":0,"y":0}],"scale":[{"time":0,"x":1,"y":1,"curve":[0.25,0,0.75,1]},{"time":1.1333,"x":0.867,"y":1.016,"curve":[0.25,0,0.75,1]},{"time":1.8333,"x":1,"y":1}]},"pai_zui2":{"rotate":[{"time":0,"angle":0,"curve":"stepped"},{"time":1.8333,"angle":0}],"translate":[{"time":0,"x":0,"y":0,"curve":[0.25,0,0.75,1]},{"time":1.1333,"x":-0.05,"y":2.16,"curve":[0.25,0,0.75,1]},{"time":1.8333,"x":0,"y":0}],"scale":[{"time":0,"x":1,"y":1,"curve":[0.25,0,0.75,1]},{"time":1.1333,"x":0.928,"y":1,"curve":[0.25,0,0.75,1]},{"time":1.8333,"x":1,"y":1}]},"pai1_zui1":{"rotate":[{"time":0,"angle":0,"curve":"stepped"},{"time":1.8333,"angle":0}],"translate":[{"time":0,"x":0,"y":0,"curve":"stepped"},{"time":1.8333,"x":0,"y":0}],"scale":[{"time":0,"x":1,"y":1,"curve":[0.25,0,0.75,1]},{"time":1.1667,"x":0.756,"y":1.095,"curve":[0.25,0,0.75,1]},{"time":1.8333,"x":1,"y":1}]},"pai_gebo2":{"rotate":[{"time":0,"angle":0,"curve":[0.244,0,0.643,0.58]},{"time":1.1667,"angle":5.25,"curve":[0.382,0.56,0.739,1]},{"time":1.8333,"angle":0}],"translate":[{"time":0,"x":0,"y":0,"curve":"stepped"},{"time":1.8333,"x":0,"y":0}],"scale":[{"time":0,"x":1,"y":1,"curve":[0.244,0,0.643,0.58]},{"time":1.1667,"x":0.838,"y":1.047,"curve":[0.382,0.56,0.739,1]},{"time":1.8333,"x":1,"y":1}]},"pai_gebo1":{"rotate":[{"time":0,"angle":-132.85,"curve":[0.25,0,0.75,1]},{"time":1.1667,"angle":-143.9,"curve":[0.25,0,0.75,1]},{"time":1.8333,"angle":-132.85}],"translate":[{"time":0,"x":-23.15,"y":3.81,"curve":"stepped"},{"time":1.8333,"x":-23.15,"y":3.81}],"scale":[{"time":0,"x":1,"y":1,"curve":[0.25,0,0.75,1]},{"time":1.1667,"x":0.841,"y":1.048,"curve":[0.25,0,0.75,1]},{"time":1.8333,"x":1,"y":1}]},"pai_ying":{"rotate":[{"time":0,"angle":0,"curve":"stepped"},{"time":1.8333,"angle":0}],"translate":[{"time":0,"x":0,"y":0,"curve":"stepped"},{"time":1.8333,"x":0,"y":0}],"scale":[{"time":0,"x":1,"y":1,"curve":[0.25,0,0.75,1]},{"time":1,"x":1.1,"y":1,"curve":[0.25,0,0.75,1]},{"time":1.8333,"x":1,"y":1}]},"yellow_houceng":{"rotate":[{"time":0,"angle":0,"curve":"stepped"},{"time":1.8333,"angle":0}],"translate":[{"time":0,"x":0,"y":0,"curve":"stepped"},{"time":1.8333,"x":0,"y":0}],"scale":[{"time":0,"x":1,"y":1,"curve":[0.25,0,0.297,1]},{"time":0.9,"x":0.945,"y":0.945,"curve":[0.25,0,0.75,1]},{"time":1.8333,"x":1,"y":1}]},"yellow_ying":{"rotate":[{"time":0,"angle":0,"curve":"stepped"},{"time":1.8333,"angle":0}],"translate":[{"time":0,"x":0,"y":0,"curve":"stepped"},{"time":1.8333,"x":0,"y":0}],"scale":[{"time":0,"x":1,"y":1,"curve":[0.25,0,0.297,1]},{"time":0.9,"x":0.945,"y":0.945,"curve":[0.25,0,0.75,1]},{"time":1.8333,"x":1,"y":1}]},"yellow_fang":{"rotate":[{"time":0,"angle":0,"curve":"stepped"},{"time":1.8333,"angle":0}],"translate":[{"time":0,"x":0,"y":0,"curve":"stepped"},{"time":1.8333,"x":0,"y":0}],"scale":[{"time":0,"x":1,"y":1,"curve":[0.25,0,0.75,1]},{"time":1.1,"x":1.145,"y":1.145,"curve":[0.25,0,0.75,1]},{"time":1.8333,"x":1,"y":1}]},"yellow_fang_ying":{"rotate":[{"time":0,"angle":0,"curve":"stepped"},{"time":1.8333,"angle":0}],"translate":[{"time":0,"x":0,"y":0,"curve":"stepped"},{"time":1.8333,"x":0,"y":0}],"scale":[{"time":0,"x":1,"y":1,"curve":[0.25,0,0.75,1]},{"time":1.1,"x":1.145,"y":1.145,"curve":[0.25,0,0.75,1]},{"time":1.8333,"x":1,"y":1}]},"yellow_yuan_ying":{"rotate":[{"time":0,"angle":0,"curve":"stepped"},{"time":1.8333,"angle":0}],"translate":[{"time":0,"x":0,"y":0,"curve":"stepped"},{"time":1.8333,"x":0,"y":0}],"scale":[{"time":0,"x":1,"y":1,"curve":[0.25,0,0.75,1]},{"time":0.8333,"x":1.186,"y":1.186,"curve":[0.25,0,0.75,1]},{"time":1.8333,"x":1,"y":1}]},"yellow_yuan":{"rotate":[{"time":0,"angle":0,"curve":"stepped"},{"time":1.8333,"angle":0}],"translate":[{"time":0,"x":0,"y":0,"curve":"stepped"},{"time":1.8333,"x":0,"y":0}],"scale":[{"time":0,"x":1,"y":1,"curve":[0.25,0,0.75,1]},{"time":0.8333,"x":1.186,"y":1.186,"curve":[0.25,0,0.75,1]},{"time":1.8333,"x":1,"y":1}]},"yellow_sanjiao_ying":{"rotate":[{"time":0,"angle":0,"curve":"stepped"},{"time":1.8333,"angle":0}],"translate":[{"time":0,"x":0,"y":0,"curve":"stepped"},{"time":1.8333,"x":0,"y":0}],"scale":[{"time":0,"x":1,"y":1,"curve":[0.25,0,0.75,1]},{"time":0.9333,"x":1.177,"y":1.177,"curve":[0.25,0,0.75,1]},{"time":1.8333,"x":1,"y":1}]},"yellow_sanjiao":{"rotate":[{"time":0,"angle":0,"curve":"stepped"},{"time":1.8333,"angle":0}],"translate":[{"time":0,"x":0,"y":0,"curve":"stepped"},{"time":1.8333,"x":0,"y":0}],"scale":[{"time":0,"x":1,"y":1,"curve":[0.25,0,0.75,1]},{"time":0.9333,"x":1.177,"y":1.177,"curve":[0.25,0,0.75,1]},{"time":1.8333,"x":1,"y":1}]}}},"paipai_dianji":{"bones":{"pai_body":{"rotate":[{"time":0,"angle":0}],"translate":[{"time":0,"x":0,"y":0}],"scale":[{"time":0,"x":1,"y":1,"curve":[0.25,0,0.222,1]},{"time":0.1667,"x":0.873,"y":1.079,"curve":[0.25,0,0.75,1]},{"time":0.4333,"x":1.196,"y":0.94,"curve":[0.25,0,0.75,1]},{"time":0.8333,"x":0.921,"y":1.109,"curve":[0.25,0,0.75,1]},{"time":1.1667,"x":1.054,"y":0.962,"curve":[0.25,0,0.75,1]},{"time":1.5,"x":1,"y":1}]},"pai_wg":{"rotate":[{"time":0,"angle":0}],"translate":[{"time":0,"x":0,"y":0,"curve":[0.25,0,0.31,1]},{"time":0.2333,"x":-12.43,"y":2.22,"curve":[0.25,0,0.75,1]},{"time":0.5,"x":10.76,"y":3.43,"curve":[0.25,0,0.75,1]},{"time":0.9,"x":-15.1,"y":2.48,"curve":[0.25,0,0.75,1]},{"time":1.2333,"x":9.87,"y":0.45,"curve":[0.25,0,0.75,1]},{"time":1.5,"x":0,"y":0}],"scale":[{"time":0,"x":1,"y":1}]},"pai_toufa":{"rotate":[{"time":0,"angle":0}],"translate":[{"time":0,"x":0,"y":0,"curve":[0.25,0,0.272,1]},{"time":0.2333,"x":0.4,"y":0.02,"curve":[0.25,0,0.75,1]},{"time":0.5,"x":2.21,"y":0.2,"curve":[0.25,0,0.75,1]},{"time":0.9,"x":4.78,"y":0.24,"curve":[0.25,0,0.75,1]},{"time":1.2333,"x":1.65,"y":0.08,"curve":[0.25,0,0.75,1]},{"time":1.5,"x":0,"y":0}],"scale":[{"time":0,"x":1,"y":1,"curve":[0.25,0,0.272,1]},{"time":0.2333,"x":1.48,"y":1.108,"curve":[0.25,0,0.75,1]},{"time":0.5,"x":0.789,"y":0.997,"curve":[0.25,0,0.75,1]},{"time":0.9,"x":1.555,"y":1.062,"curve":[0.25,0,0.75,1]},{"time":1.2333,"x":0.913,"y":0.96,"curve":[0.25,0,0.75,1]},{"time":1.5,"x":1,"y":1}]},"pai_duzi":{"rotate":[{"time":0,"angle":0}],"translate":[{"time":0,"x":0,"y":0,"curve":[0.25,0,0.75,1]},{"time":0.2,"x":16.31,"y":0.58,"curve":[0.25,0,0.75,1]},{"time":0.4667,"x":-2.76,"y":-0.44,"curve":[0.25,0,0.75,1]},{"time":0.8667,"x":9.02,"y":-0.02,"curve":[0.25,0,0.75,1]},{"time":1.2,"x":-11.46,"y":-0.53,"curve":[0.25,0,0.75,1]},{"time":1.5,"x":0,"y":0}],"scale":[{"time":0,"x":1,"y":1,"curve":[0.25,0,0.316,1]},{"time":0.2,"x":0.997,"y":1.11,"curve":[0.25,0,0.75,1]},{"time":0.4667,"x":1.153,"y":0.933,"curve":[0.25,0,0.75,1]},{"time":0.8667,"x":0.966,"y":0.941,"curve":[0.25,0,0.316,1]},{"time":1.2,"x":1.132,"y":0.905,"curve":[0.25,0,0.316,1]},{"time":1.5,"x":1,"y":1}]},"pai_er1":{"rotate":[{"time":0,"angle":0,"curve":[0.25,0,0.75,1]},{"time":0.2667,"angle":-6.74,"curve":[0.25,0,0.75,1]},{"time":0.5333,"angle":56.22,"curve":[0.25,0,0.75,1]},{"time":0.9333,"angle":-15.72,"curve":[0.25,0,0.75,1]},{"time":1.2667,"angle":43.76,"curve":[0.25,0,0.75,1]},{"time":1.5,"angle":0}],"translate":[{"time":0,"x":0,"y":0,"curve":[0.25,0,0.75,1]},{"time":0.2667,"x":0.64,"y":-14.25,"curve":[0.25,0,0.75,1]},{"time":0.5333,"x":-16.32,"y":-19.41,"curve":[0.25,0,0.75,1]},{"time":0.9333,"x":-7.74,"y":-7.48,"curve":[0.25,0,0.75,1]},{"time":1.2667,"x":-11.13,"y":-10.69,"curve":[0.25,0,0.75,1]},{"time":1.5,"x":0,"y":0}],"scale":[{"time":0,"x":1,"y":1,"curve":[0.25,0,0.75,1]},{"time":0.2667,"x":1.341,"y":1.204,"curve":[0.25,0,0.75,1]},{"time":0.5333,"x":1.338,"y":1,"curve":[0.25,0,0.75,1]},{"time":0.9333,"x":1.682,"y":1.244,"curve":[0.25,0,0.75,1]},{"time":1.2667,"x":1.289,"y":1,"curve":[0.25,0,0.75,1]},{"time":1.5,"x":1,"y":1}]},"pai_er2":{"rotate":[{"time":0,"angle":0,"curve":[0.25,0,0.75,1]},{"time":0.2667,"angle":25.79,"curve":[0.25,0,0.75,1]},{"time":0.5333,"angle":-39.89,"curve":[0.25,0,0.75,1]},{"time":0.9333,"angle":36.52,"curve":[0.25,0,0.75,1]},{"time":1.2667,"angle":-17.86,"curve":[0.25,0,0.75,1]},{"time":1.5,"angle":0}],"translate":[{"time":0,"x":0,"y":0,"curve":[0.25,0,0.75,1]},{"time":0.2667,"x":10.51,"y":16.84,"curve":[0.25,0,0.75,1]},{"time":0.5333,"x":-9.99,"y":32.22,"curve":[0.25,0,0.75,1]},{"time":0.9333,"x":5.46,"y":18.53,"curve":[0.25,0,0.75,1]},{"time":1.2667,"x":-8.32,"y":8.19,"curve":[0.25,0,0.75,1]},{"time":1.5,"x":0,"y":0}],"scale":[{"time":0,"x":1,"y":1,"curve":[0.25,0,0.75,1]},{"time":0.2667,"x":1.364,"y":1.364,"curve":[0.25,0,0.75,1]},{"time":0.5333,"x":1.592,"y":1.234,"curve":[0.25,0,0.75,1]},{"time":0.9333,"x":1.664,"y":1.388,"curve":[0.25,0,0.75,1]},{"time":1.2667,"x":1.177,"y":1.179,"curve":[0.25,0,0.75,1]},{"time":1.5,"x":1,"y":1}]},"pai_eye":{"rotate":[{"time":0,"angle":0}],"translate":[{"time":0,"x":0,"y":0,"curve":[0.25,0,0.75,1]},{"time":0.2667,"x":-3.34,"y":-7.28,"curve":[0.25,0,0.75,1]},{"time":0.5333,"x":-3.84,"y":5.42,"curve":[0.25,0,0.75,1]},{"time":0.9333,"x":-5.44,"y":-6.72,"curve":[0.25,0,0.75,1]},{"time":1.2667,"x":-0.68,"y":3.62,"curve":[0.25,0,0.75,1]},{"time":1.5,"x":0,"y":0}],"scale":[{"time":0,"x":1,"y":1,"curve":"stepped"},{"time":0.1667,"x":1,"y":1,"curve":[0.25,0,0.625,0.5]},{"time":0.2667,"x":0.408,"y":1,"curve":[0.375,0.5,0.75,1]},{"time":0.4,"x":1,"y":1,"curve":[0.25,0,0.75,1]},{"time":0.6,"x":1.793,"y":1,"curve":[0.25,0,0.75,1]},{"time":0.8,"x":1,"y":1}]},"pai_zui2":{"rotate":[{"time":0,"angle":0}],"translate":[{"time":0,"x":0,"y":0,"curve":[0.25,0,0.75,1]},{"time":0.2333,"x":-0.15,"y":6.42,"curve":[0.25,0,0.75,1]},{"time":0.5,"x":0.39,"y":-9.99,"curve":[0.25,0,0.75,1]},{"time":0.9,"x":0.19,"y":-1.42,"curve":[0.25,0,0.75,1]},{"time":1.2333,"x":0.37,"y":-6.93,"curve":[0.25,0,0.75,1]},{"time":1.5,"x":0,"y":0}],"scale":[{"time":0,"x":1,"y":1,"curve":[0.25,0,0.75,1]},{"time":0.2333,"x":0.834,"y":1.143,"curve":[0.25,0,0.75,1]},{"time":0.5,"x":1.049,"y":0.901,"curve":[0.25,0,0.75,1]},{"time":0.9,"x":0.848,"y":0.995,"curve":[0.25,0,0.75,1]},{"time":1.2333,"x":1.05,"y":0.944,"curve":[0.25,0,0.75,1]},{"time":1.5,"x":1,"y":1}]},"pai1_zui1":{"rotate":[{"time":0,"angle":0}],"translate":[{"time":0,"x":0,"y":0}],"scale":[{"time":0,"x":1,"y":1,"curve":[0.25,0,0.75,1]},{"time":0.2333,"x":0.834,"y":1.513,"curve":[0.25,0,0.75,1]},{"time":0.5,"x":1.316,"y":1.513,"curve":[0.25,0,0.75,1]},{"time":0.9,"x":1.072,"y":1.937,"curve":[0.25,0,0.75,1]},{"time":1.2333,"x":1.087,"y":1.189,"curve":[0.25,0,0.75,1]},{"time":1.5,"x":1,"y":1}]},"pai_gebo2":{"rotate":[{"time":0,"angle":0,"curve":[0.25,0,0.75,1]},{"time":0.2667,"angle":29.36,"curve":[0.25,0,0.75,1]},{"time":0.6,"angle":-5.76,"curve":[0.25,0,0.75,1]},{"time":0.9333,"angle":12.12,"curve":[0.25,0,0.75,1]},{"time":1.2667,"angle":-3.37,"curve":[0.25,0,0.75,1]},{"time":1.5,"angle":0}],"translate":[{"time":0,"x":0,"y":0,"curve":[0.25,0,0.75,1]},{"time":0.2667,"x":-0.12,"y":2.75,"curve":[0.25,0,0.75,1]},{"time":0.6,"x":0,"y":0,"curve":"stepped"},{"time":0.9333,"x":0,"y":0,"curve":"stepped"},{"time":1.2667,"x":0,"y":0,"curve":"stepped"},{"time":1.5,"x":0,"y":0}],"scale":[{"time":0,"x":1,"y":1,"curve":[0.25,0,0.75,1]},{"time":0.2667,"x":0.842,"y":1.057,"curve":[0.25,0,0.75,1]},{"time":0.6,"x":1.227,"y":1,"curve":[0.25,0,0.75,1]},{"time":0.9333,"x":0.852,"y":1,"curve":[0.25,0,0.75,1]},{"time":1.2667,"x":1.114,"y":1,"curve":[0.25,0,0.75,1]},{"time":1.5,"x":1,"y":1}]},"pai_gebo1":{"rotate":[{"time":0,"angle":0,"curve":[0.25,0,0.75,1]},{"time":0.3333,"angle":7.97,"curve":[0.25,0,0.75,1]},{"time":0.6667,"angle":-0.21,"curve":[0.25,0,0.75,1]},{"time":1,"angle":7.41,"curve":[0.25,0,0.75,1]},{"time":1.3333,"angle":0}],"translate":[{"time":0,"x":0,"y":0}],"scale":[{"time":0,"x":1,"y":1}]},"pai_ying":{"rotate":[{"time":0,"angle":0}],"translate":[{"time":0,"x":0,"y":0}],"scale":[{"time":0,"x":1,"y":1,"curve":[0.25,0,0.279,1]},{"time":0.1667,"x":1.156,"y":1,"curve":[0.25,0,0.75,1]},{"time":0.4333,"x":0.985,"y":1,"curve":[0.25,0,0.75,1]},{"time":0.8333,"x":1.238,"y":1,"curve":[0.25,0,0.75,1]},{"time":1.1667,"x":0.974,"y":1,"curve":[0.25,0,0.75,1]},{"time":1.5,"x":1,"y":1}]},"yellow_houceng":{"rotate":[{"time":0,"angle":0}],"translate":[{"time":0,"x":0,"y":0}],"scale":[{"time":0,"x":1,"y":1,"curve":[0.25,0,0.75,1]},{"time":0.1333,"x":0.688,"y":0.688,"curve":[0.25,0,0.75,1]},{"time":0.3667,"x":1.258,"y":1.258,"curve":[0.25,0,0.75,1]},{"time":0.6667,"x":0.891,"y":0.891,"curve":[0.25,0,0.75,1]},{"time":0.9333,"x":1,"y":1}]},"yellow_ying":{"rotate":[{"time":0,"angle":0}],"translate":[{"time":0,"x":0,"y":0,"curve":[0.31,0,0.644,0.35]},{"time":0.1333,"x":0,"y":10.17,"curve":[0.307,0.2,0.643,0.55]},{"time":0.3667,"x":0,"y":-28.18,"curve":[0.31,0.26,0.653,0.62]},{"time":0.6667,"x":0,"y":5.09,"curve":[0.25,0,0.75,1]},{"time":0.9333,"x":0,"y":0}],"scale":[{"time":0,"x":1,"y":1,"curve":[0.25,0,0.75,1]},{"time":0.1333,"x":0.688,"y":0.688,"curve":[0.25,0,0.75,1]},{"time":0.3667,"x":1.258,"y":1.258,"curve":[0.25,0,0.75,1]},{"time":0.6667,"x":0.891,"y":0.891,"curve":[0.25,0,0.75,1]},{"time":0.9333,"x":1,"y":1}]},"yellow_fang":{"rotate":[{"time":0,"angle":0,"curve":"stepped"},{"time":1.0667,"angle":0,"curve":"stepped"},{"time":1.3333,"angle":0}],"translate":[{"time":0,"x":0,"y":0,"curve":"stepped"},{"time":1.0667,"x":0,"y":0,"curve":"stepped"},{"time":1.3333,"x":0,"y":0}],"scale":[{"time":0,"x":1,"y":1,"curve":[0.25,0,0.75,1]},{"time":0.2,"x":0.547,"y":0.547,"curve":[0.25,0,0.75,1]},{"time":0.4667,"x":1.44,"y":1.44,"curve":[0.25,0,0.75,1]},{"time":0.7667,"x":0.774,"y":0.774,"curve":[0.25,0,0.75,1]},{"time":1.0667,"x":1.127,"y":1.127,"curve":[0.25,0,0.75,1]},{"time":1.3333,"x":1,"y":1}]},"yellow_fang_ying":{"rotate":[{"time":0,"angle":0,"curve":"stepped"},{"time":1.0667,"angle":0,"curve":"stepped"},{"time":1.3333,"angle":0}],"translate":[{"time":0,"x":0,"y":0,"curve":"stepped"},{"time":1.0667,"x":0,"y":0,"curve":"stepped"},{"time":1.3333,"x":0,"y":0}],"scale":[{"time":0,"x":1,"y":1,"curve":[0.25,0,0.75,1]},{"time":0.2,"x":0.547,"y":0.547,"curve":[0.25,0,0.75,1]},{"time":0.4667,"x":1.44,"y":1.44,"curve":[0.25,0,0.75,1]},{"time":0.7667,"x":0.774,"y":0.774,"curve":[0.25,0,0.75,1]},{"time":1.0667,"x":1.127,"y":1.127,"curve":[0.25,0,0.75,1]},{"time":1.3333,"x":1,"y":1}]},"yellow_yuan":{"rotate":[{"time":0,"angle":0,"curve":"stepped"},{"time":1.1333,"angle":0,"curve":"stepped"},{"time":1.4,"angle":0}],"translate":[{"time":0,"x":0,"y":0,"curve":"stepped"},{"time":1.1333,"x":0,"y":0,"curve":"stepped"},{"time":1.4,"x":0,"y":0}],"scale":[{"time":0,"x":1,"y":1,"curve":[0.25,0,0.75,1]},{"time":0.2667,"x":0.547,"y":0.547,"curve":[0.25,0,0.75,1]},{"time":0.5333,"x":1.44,"y":1.44,"curve":[0.25,0,0.75,1]},{"time":0.8333,"x":0.774,"y":0.774,"curve":[0.25,0,0.75,1]},{"time":1.1333,"x":1.127,"y":1.127,"curve":[0.25,0,0.75,1]},{"time":1.4,"x":1,"y":1}]},"yellow_yuan_ying":{"rotate":[{"time":0,"angle":0,"curve":"stepped"},{"time":1.1333,"angle":0,"curve":"stepped"},{"time":1.4,"angle":0}],"translate":[{"time":0,"x":0,"y":0,"curve":"stepped"},{"time":1.1333,"x":0,"y":0,"curve":"stepped"},{"time":1.4,"x":0,"y":0}],"scale":[{"time":0,"x":1,"y":1,"curve":[0.25,0,0.75,1]},{"time":0.2667,"x":0.547,"y":0.547,"curve":[0.25,0,0.75,1]},{"time":0.5333,"x":1.44,"y":1.44,"curve":[0.25,0,0.75,1]},{"time":0.8333,"x":0.774,"y":0.774,"curve":[0.25,0,0.75,1]},{"time":1.1333,"x":1.127,"y":1.127,"curve":[0.25,0,0.75,1]},{"time":1.4,"x":1,"y":1}]},"yellow_sanjiao":{"rotate":[{"time":0,"angle":0,"curve":"stepped"},{"time":1.2,"angle":0,"curve":"stepped"},{"time":1.4667,"angle":0}],"translate":[{"time":0,"x":0,"y":0,"curve":"stepped"},{"time":1.2,"x":0,"y":0,"curve":"stepped"},{"time":1.4667,"x":0,"y":0}],"scale":[{"time":0,"x":1,"y":1,"curve":[0.25,0,0.75,1]},{"time":0.3333,"x":0.547,"y":0.547,"curve":[0.25,0,0.75,1]},{"time":0.6,"x":1.44,"y":1.44,"curve":[0.25,0,0.75,1]},{"time":0.9,"x":0.774,"y":0.774,"curve":[0.25,0,0.75,1]},{"time":1.2,"x":1.127,"y":1.127,"curve":[0.25,0,0.75,1]},{"time":1.4667,"x":1,"y":1}]},"yellow_sanjiao_ying":{"rotate":[{"time":0,"angle":0,"curve":"stepped"},{"time":1.2,"angle":0,"curve":"stepped"},{"time":1.4667,"angle":0}],"translate":[{"time":0,"x":0,"y":0,"curve":"stepped"},{"time":1.2,"x":0,"y":0,"curve":"stepped"},{"time":1.4667,"x":0,"y":0}],"scale":[{"time":0,"x":1,"y":1,"curve":[0.25,0,0.75,1]},{"time":0.3333,"x":0.547,"y":0.547,"curve":[0.25,0,0.75,1]},{"time":0.6,"x":1.44,"y":1.44,"curve":[0.25,0,0.75,1]},{"time":0.9,"x":0.774,"y":0.774,"curve":[0.25,0,0.75,1]},{"time":1.2,"x":1.127,"y":1.127,"curve":[0.25,0,0.75,1]},{"time":1.4667,"x":1,"y":1}]}}},"paipai_idle":{"bones":{"pai_body":{"rotate":[{"time":0,"angle":0,"curve":"stepped"},{"time":1.8333,"angle":0}],"translate":[{"time":0,"x":0,"y":0,"curve":"stepped"},{"time":1.8333,"x":0,"y":0}],"scale":[{"time":0,"x":1,"y":1,"curve":[0.25,0,0.222,1]},{"time":1,"x":0.945,"y":1.039,"curve":[0.25,0,0.75,1]},{"time":1.8333,"x":1,"y":1}]},"pai_wg":{"rotate":[{"time":0,"angle":0,"curve":"stepped"},{"time":1.8333,"angle":0}],"translate":[{"time":0,"x":0,"y":0,"curve":[0.25,0,0.75,1]},{"time":1.1667,"x":-9.08,"y":-0.36,"curve":[0.25,0,0.75,1]},{"time":1.8333,"x":0,"y":0}],"scale":[{"time":0,"x":1,"y":1,"curve":[0.25,0,0.75,1]},{"time":1.1667,"x":1,"y":0.935,"curve":[0.25,0,0.75,1]},{"time":1.8333,"x":1,"y":1}]},"pai_toufa":{"rotate":[{"time":0,"angle":0,"curve":"stepped"},{"time":1.8333,"angle":0}],"translate":[{"time":0,"x":0,"y":0,"curve":[0.25,0,0.75,1]},{"time":1.2,"x":-2.9,"y":-0.11,"curve":[0.25,0,0.75,1]},{"time":1.8333,"x":0,"y":0}],"scale":[{"time":0,"x":1,"y":1,"curve":[0.25,0,0.75,1]},{"time":1.2,"x":1.187,"y":1.012,"curve":[0.25,0,0.75,1]},{"time":1.8333,"x":1,"y":1}]},"pai_duzi":{"rotate":[{"time":0,"angle":0,"curve":"stepped"},{"time":1.8333,"angle":0}],"translate":[{"time":0,"x":0,"y":0},{"time":1.1,"x":2.83,"y":0.11},{"time":1.8333,"x":0,"y":0}],"scale":[{"time":0,"x":1,"y":1,"curve":[0.25,0,0.316,1]},{"time":1.1,"x":1.001,"y":1.098,"curve":[0.25,0,0.75,1]},{"time":1.8333,"x":1,"y":1}]},"pai_er1":{"rotate":[{"time":0,"angle":0},{"time":1.0333,"angle":33.23},{"time":1.8333,"angle":0}],"translate":[{"time":0,"x":0,"y":0},{"time":1.0333,"x":-4.21,"y":-2.85},{"time":1.8333,"x":0,"y":0}],"scale":[{"time":0,"x":1,"y":1},{"time":1.0333,"x":1.102,"y":1.102},{"time":1.8333,"x":1,"y":1}]},"pai_er2":{"rotate":[{"time":0,"angle":0,"curve":[0.248,0,0.736,0.94]},{"time":1.2333,"angle":-12.94,"curve":[0.25,0,0.75,1]},{"time":1.8333,"angle":0}],"translate":[{"time":0,"x":0,"y":0,"curve":[0.248,0,0.736,0.94]},{"time":1.2333,"x":-4.17,"y":5.2,"curve":[0.25,0,0.75,1]},{"time":1.8333,"x":0,"y":0}],"scale":[{"time":0,"x":1,"y":1,"curve":[0.247,0,0.63,0.52]},{"time":1.2333,"x":1.141,"y":1.141,"curve":[0.38,0.53,0.745,1]},{"time":1.8333,"x":1,"y":1}]},"pai_eye":{"rotate":[{"time":0,"angle":0,"curve":"stepped"},{"time":1.8333,"angle":0}],"translate":[{"time":0,"x":0,"y":0,"curve":[0.25,0,0.75,1]},{"time":1.2333,"x":-3.46,"y":-3.96,"curve":[0.29,0,0.629,0.38]},{"time":1.4,"x":-15.62,"y":-0.44,"curve":"stepped"},{"time":1.6,"x":-15.62,"y":-0.44,"curve":[0.311,0.25,0.649,0.6]},{"time":1.8333,"x":0,"y":0}],"scale":[{"time":0,"x":1,"y":1,"curve":[0.25,0,0.75,1]},{"time":1.2333,"x":1,"y":1.056,"curve":[0.25,0,0.75,1]},{"time":1.8333,"x":1,"y":1}]},"pai_zui2":{"rotate":[{"time":0,"angle":0,"curve":"stepped"},{"time":1.8333,"angle":0}],"translate":[{"time":0,"x":0,"y":0,"curve":"stepped"},{"time":1.8333,"x":0,"y":0}],"scale":[{"time":0,"x":1,"y":1,"curve":[0.25,0,0.75,1]},{"time":1.1667,"x":1.077,"y":1.062,"curve":[0.25,0,0.75,1]},{"time":1.8333,"x":1,"y":1}]},"pai1_zui1":{"rotate":[{"time":0,"angle":0,"curve":"stepped"},{"time":1.8333,"angle":0}],"translate":[{"time":0,"x":0,"y":0,"curve":"stepped"},{"time":1.8333,"x":0,"y":0}],"scale":[{"time":0,"x":1,"y":1,"curve":[0.25,0,0.75,1]},{"time":1.2,"x":1.208,"y":1.473,"curve":[0.25,0,0.75,1]},{"time":1.8333,"x":1,"y":1}]},"pai_gebo2":{"rotate":[{"time":0,"angle":0,"curve":[0.25,0,0.75,1]},{"time":0.3333,"angle":13.16,"curve":[0.25,0,0.75,1]},{"time":0.7333,"angle":0,"curve":[0.25,0,0.75,1]},{"time":1.1,"angle":8.99,"curve":[0.25,0,0.75,1]},{"time":1.8333,"angle":0}],"translate":[{"time":0,"x":0,"y":0,"curve":"stepped"},{"time":0.7333,"x":0,"y":0,"curve":"stepped"},{"time":1.8333,"x":0,"y":0}],"scale":[{"time":0,"x":1,"y":1,"curve":[0.25,0,0.75,1]},{"time":0.3333,"x":0.925,"y":1.193,"curve":[0.25,0,0.75,1]},{"time":0.7333,"x":1,"y":1,"curve":[0.25,0,0.75,1]},{"time":1.1,"x":0.925,"y":1.193,"curve":[0.25,0,0.75,1]},{"time":1.8333,"x":1,"y":1}]},"pai_gebo1":{"rotate":[{"time":0,"angle":0,"curve":[0.25,0,0.75,1]},{"time":1.1,"angle":5.93,"curve":[0.25,0,0.75,1]},{"time":1.8333,"angle":0}],"translate":[{"time":0,"x":0,"y":0,"curve":"stepped"},{"time":1.8333,"x":0,"y":0}],"scale":[{"time":0,"x":1,"y":1,"curve":"stepped"},{"time":1.8333,"x":1,"y":1}]},"pai_ying":{"rotate":[{"time":0,"angle":0,"curve":"stepped"},{"time":1.8333,"angle":0}],"translate":[{"time":0,"x":0,"y":0,"curve":"stepped"},{"time":1.8333,"x":0,"y":0}],"scale":[{"time":0,"x":1,"y":1,"curve":[0.25,0,0.279,1]},{"time":1.2,"x":1.079,"y":1,"curve":[0.25,0,0.75,1]},{"time":1.8333,"x":1,"y":1}]},"yellow_houceng":{"rotate":[{"time":0,"angle":0,"curve":"stepped"},{"time":1.8333,"angle":0}],"translate":[{"time":0,"x":0,"y":0,"curve":"stepped"},{"time":1.8333,"x":0,"y":0}],"scale":[{"time":0,"x":1,"y":1,"curve":[0.25,0,0.75,1]},{"time":0.9333,"x":0.913,"y":0.913,"curve":[0.25,0,0.75,1]},{"time":1.8333,"x":1,"y":1}]},"yellow_ying":{"rotate":[{"time":0,"angle":0,"curve":"stepped"},{"time":1.8333,"angle":0}],"translate":[{"time":0,"x":0,"y":0,"curve":[0.253,0,0.621,0.48]},{"time":0.9333,"x":0,"y":4.67,"curve":[0.37,0.48,0.753,1]},{"time":1.8333,"x":0,"y":0}],"scale":[{"time":0,"x":1,"y":1,"curve":[0.25,0,0.75,1]},{"time":0.9333,"x":0.915,"y":0.915,"curve":[0.25,0,0.75,1]},{"time":1.8333,"x":1,"y":1}]},"pai_yanjing":{"translate":[{"time":1.2333,"x":0,"y":0,"curve":[0.25,0,0.75,1]},{"time":1.4333,"x":-7.23,"y":1.96,"curve":"stepped"},{"time":1.6,"x":-7.23,"y":1.96,"curve":[0.25,0,0.75,1]},{"time":1.8,"x":0,"y":0}]},"yellow_fang":{"rotate":[{"time":0,"angle":0,"curve":"stepped"},{"time":1.8333,"angle":0}],"translate":[{"time":0,"x":0,"y":0,"curve":"stepped"},{"time":1.8333,"x":0,"y":0}],"scale":[{"time":0,"x":1,"y":1,"curve":[0.25,0,0.75,1]},{"time":0.6667,"x":1.191,"y":1.191,"curve":[0.25,0,0.75,1]},{"time":1.8333,"x":1,"y":1}]},"yellow_fang_ying":{"rotate":[{"time":0,"angle":0,"curve":"stepped"},{"time":1.8333,"angle":0}],"translate":[{"time":0,"x":0,"y":0,"curve":"stepped"},{"time":1.8333,"x":0,"y":0}],"scale":[{"time":0,"x":1,"y":1,"curve":[0.25,0,0.75,1]},{"time":0.6667,"x":1.191,"y":1.191,"curve":[0.25,0,0.75,1]},{"time":1.8333,"x":1,"y":1}]},"yellow_yuan":{"rotate":[{"time":0,"angle":0,"curve":"stepped"},{"time":1.8333,"angle":0}],"translate":[{"time":0,"x":0,"y":0,"curve":"stepped"},{"time":1.8333,"x":0,"y":0}],"scale":[{"time":0,"x":1,"y":1,"curve":[0.25,0,0.75,1]},{"time":0.8333,"x":1.191,"y":1.191,"curve":[0.25,0,0.75,1]},{"time":1.8333,"x":1,"y":1}]},"yellow_sanjiao_ying":{"rotate":[{"time":0,"angle":0,"curve":"stepped"},{"time":1.8333,"angle":0}],"translate":[{"time":0,"x":0,"y":0,"curve":"stepped"},{"time":1.8333,"x":0,"y":0}],"scale":[{"time":0,"x":1,"y":1,"curve":[0.25,0,0.75,1]},{"time":1,"x":1.191,"y":1.191,"curve":[0.25,0,0.75,1]},{"time":1.8333,"x":1,"y":1}]},"yellow_sanjiao":{"rotate":[{"time":0,"angle":0,"curve":"stepped"},{"time":1.8333,"angle":0}],"translate":[{"time":0,"x":0,"y":0,"curve":"stepped"},{"time":1.8333,"x":0,"y":0}],"scale":[{"time":0,"x":1,"y":1,"curve":[0.25,0,0.75,1]},{"time":1,"x":1.191,"y":1.191,"curve":[0.25,0,0.75,1]},{"time":1.8333,"x":1,"y":1}]},"yellow_yuan_ying":{"rotate":[{"time":0,"angle":0,"curve":"stepped"},{"time":1.8333,"angle":0}],"translate":[{"time":0,"x":0,"y":0,"curve":"stepped"},{"time":1.8333,"x":0,"y":0}],"scale":[{"time":0,"x":1,"y":1,"curve":[0.25,0,0.75,1]},{"time":0.8333,"x":1.243,"y":1.243,"curve":[0.25,0,0.75,1]},{"time":1.8333,"x":1,"y":1}]}}}}}