[{"__type__":"cc.SpriteFrame","content":{"name":"img_haidan","texture":"141e5957a","rect":[969,1667,111,98],"offset":[0.5,0],"originalSize":[120,120],"rotated":1,"capInsets":[0,0,0,0]}},[{"__type__":"cc.Prefab","_name":"grid","data":{"__id__":1}},{"__type__":"cc.Node","_name":"grid","_level":3,"_components":[{"__type__":"cc.Sprite","node":{"__id__":1},"_materials":[{"__uuid__":"ecpdLyjvZBwrvm+cedCcQy"}],"_spriteFrame":{"__uuid__":"bfTrtpo8dJMLXD2VcJR2YC"}}],"_prefab":{"__type__":"cc.PrefabInfo","root":{"__id__":1},"asset":{"__id__":0},"fileId":"deW9bx9DJOwr5svfaJEESh"},"_contentSize":{"__type__":"cc.Size","width":111,"height":98}}]]