[{"__type__":"cc.SpriteAtlas","_name":"word.plist","_spriteFrames":{"img_bi":{"__uuid__":"968ruUgBdL1Yk+aIOALu7f"},"img_cheng":{"__uuid__":"89e//VbpdGS6dqDaRFLeCR"},"img_chuang":{"__uuid__":"8fF5VfAapEwqMeUSGV9ij/"},"img_da":{"__uuid__":"4aa1qXX79K7pEOS+fLjhU3"},"img_gong":{"__uuid__":"5ehMh95LNFdbvgB+q34kyu"},"img_guan":{"__uuid__":"6agUCm059NM6Jx4vUH4fLS"},"img_jie":{"__uuid__":"b9nj2KII9G54JBmukQ7Qy5"},"img_sai":{"__uuid__":"1a0NThDIJJWpF2S+UuCvVd"},"img_shu":{"__uuid__":"34uTvhTkpKX5QImjV+9PHh"},"img_tiao":{"__uuid__":"a2BOWRyEVFhYwh2QS25ws5"},"img_zhan":{"__uuid__":"d8964cpqBIo4L3eFNcBm6P"},"img_zuo":{"__uuid__":"6abpXAcTNDgKA+YWYhLFnd"}}},{"__type__":"cc.SpriteFrame","content":{"name":"img_sai","texture":"141e5957a","rect":[1178,945,66,81],"offset":[0,0],"originalSize":[66,81],"capInsets":[0,0,0,0]}},{"__type__":"cc.SpriteFrame","content":{"name":"img_shu","texture":"141e5957a","rect":[1184,1545,64,78],"offset":[0,0],"originalSize":[64,78],"capInsets":[0,0,0,0]}},{"__type__":"cc.SpriteFrame","content":{"name":"img_da","texture":"141e5957a","rect":[1181,1656,67,78],"offset":[0,0],"originalSize":[67,78],"capInsets":[0,0,0,0]}},{"__type__":"cc.SpriteFrame","content":{"name":"img_gong","texture":"141e5957a","rect":[1152,1774,64,79],"offset":[0,0],"originalSize":[64,79],"rotated":1,"capInsets":[0,0,0,0]}},{"__type__":"cc.SpriteFrame","content":{"name":"img_zuo","texture":"141e5957a","rect":[1079,1860,67,79],"offset":[0,0],"originalSize":[67,79],"rotated":1,"capInsets":[0,0,0,0]}},{"__type__":"cc.SpriteFrame","content":{"name":"img_guan","texture":"141e5957a","rect":[1189,1384,65,81],"offset":[0,0],"originalSize":[65,81],"capInsets":[0,0,0,0]}},{"__type__":"cc.SpriteFrame","content":{"name":"img_cheng","texture":"141e5957a","rect":[1085,1481,61,80],"offset":[0,0],"originalSize":[61,80],"rotated":1,"capInsets":[0,0,0,0]}},{"__type__":"cc.SpriteFrame","content":{"name":"img_chuang","texture":"141e5957a","rect":[1121,1933,63,78],"offset":[0,0],"originalSize":[63,78],"rotated":1,"capInsets":[0,0,0,0]}},{"__type__":"cc.SpriteFrame","content":{"name":"img_bi","texture":"141e5957a","rect":[1164,1844,63,78],"offset":[0,0],"originalSize":[63,78],"rotated":1,"capInsets":[0,0,0,0]}},{"__type__":"cc.SpriteFrame","content":{"name":"img_tiao","texture":"141e5957a","rect":[969,1890,68,77],"offset":[0,0],"originalSize":[68,77],"capInsets":[0,0,0,0]}},{"__type__":"cc.SpriteFrame","content":{"name":"img_jie","texture":"141e5957a","rect":[1178,1032,68,78],"offset":[0,0],"originalSize":[68,78],"rotated":1,"capInsets":[0,0,0,0]}},{"__type__":"cc.SpriteFrame","content":{"name":"img_zhan","texture":"141e5957a","rect":[1079,1774,67,80],"offset":[0,0],"originalSize":[67,80],"capInsets":[0,0,0,0]}}]