[{"__type__":"cc.SpriteFrame","content":{"name":"btn01","texture":"141e5957a","rect":[1115,581,50,50],"offset":[0,0],"originalSize":[50,50],"capInsets":[24,23,24,23]}},{"__type__":"cc.SpriteFrame","content":{"name":"singleColor","texture":"141e5957a","rect":[672,2019,2,2],"offset":[0,0],"originalSize":[2,2],"capInsets":[0,0,0,0]}},{"__type__":"cc.SpriteFrame","content":{"name":"btn02","texture":"141e5957a","rect":[1043,1933,50,50],"offset":[0,0],"originalSize":[50,50],"capInsets":[20,19,22,22]}},[{"__type__":"cc.Prefab","_name":"UploadAndReturnPanel","data":{"__id__":1}},{"__type__":"cc.Node","_name":"UploadAndReturnPanel","_children":[{"__id__":2}],"_level":1,"_components":[{"__type__":"8a2a4ho4VlCloJCvzPCR9a/","node":{"__id__":1}}],"_prefab":{"__type__":"cc.PrefabInfo","root":{"__id__":1},"asset":{"__uuid__":"7cbR0rLc9EA7ZUytz3tA+x"},"fileId":"501dg0eCxOt7Rv4vTJYOHm"},"_color":{"__type__":"cc.Color","r":148,"g":148,"b":148},"_contentSize":{"__type__":"cc.Size","width":1994,"height":1060}},{"__type__":"cc.Node","_name":"New Node","_parent":{"__id__":1},"_children":[{"__id__":3},{"__id__":5}],"_level":2,"_components":[{"__type__":"cc.Sprite","node":{"__id__":2},"_materials":[{"__uuid__":"ecpdLyjvZBwrvm+cedCcQy"}],"_spriteFrame":{"__uuid__":"76OlHWMbZC75J0XVSi3dgZ"},"_sizeMode":0},{"__type__":"cc.Widget","node":{"__id__":2},"_alignFlags":4}],"_prefab":{"__type__":"cc.PrefabInfo","root":{"__id__":1},"asset":{"__uuid__":"7cbR0rLc9EA7ZUytz3tA+x"},"fileId":"d5MzWMNSpAx45AI0w6sMVb"},"_color":{"__type__":"cc.Color","r":158,"g":158,"b":158},"_contentSize":{"__type__":"cc.Size","width":1994,"height":50},"_position":{"__type__":"cc.Vec3","y":-505}},{"__type__":"cc.Node","_name":"fanHui","_parent":{"__id__":2},"_children":[{"__id__":4}],"_level":3,"_components":[{"__type__":"cc.Sprite","node":{"__id__":3},"_materials":[{"__uuid__":"ecpdLyjvZBwrvm+cedCcQy"}],"_spriteFrame":{"__uuid__":"31dyOYhK5DH6xtK1ew1mdi"},"_type":1,"_sizeMode":0},{"__type__":"cc.Button","node":{"__id__":3},"clickEvents":[{"__type__":"cc.ClickEvent","target":{"__id__":1},"_componentId":"8a2a4ho4VlCloJCvzPCR9a/","handler":"onFanHui"}],"_N$transition":3,"transition":3,"_N$target":{"__id__":3}}],"_prefab":{"__type__":"cc.PrefabInfo","root":{"__id__":1},"asset":{"__uuid__":"7cbR0rLc9EA7ZUytz3tA+x"},"fileId":"f28/lEDt1FzJ5PFGoZqqBf"},"_contentSize":{"__type__":"cc.Size","width":160,"height":40},"_position":{"__type__":"cc.Vec3","x":-514}},{"__type__":"cc.Node","_name":"New Node","_parent":{"__id__":3},"_level":3,"_components":[{"__type__":"cc.Label","node":{"__id__":4},"_materials":[{"__uuid__":"ecpdLyjvZBwrvm+cedCcQy"}],"_string":"返回","_N$string":"返回","_lineHeight":50,"_N$horizontalAlign":1,"_N$verticalAlign":1}],"_prefab":{"__type__":"cc.PrefabInfo","root":{"__id__":1},"asset":{"__uuid__":"7cbR0rLc9EA7ZUytz3tA+x"},"fileId":"46ifve3n5MuqvaSLEme7cF"},"_contentSize":{"__type__":"cc.Size","width":80,"height":63}},{"__type__":"cc.Node","_name":"tiJiao","_parent":{"__id__":2},"_children":[{"__id__":6}],"_level":3,"_components":[{"__type__":"cc.Sprite","node":{"__id__":5},"_materials":[{"__uuid__":"ecpdLyjvZBwrvm+cedCcQy"}],"_spriteFrame":{"__uuid__":"78/dcSo/JEdafSAhXCTM6e"},"_type":1,"_sizeMode":0},{"__type__":"cc.Button","node":{"__id__":5},"clickEvents":[{"__type__":"cc.ClickEvent","target":{"__id__":1},"_componentId":"8a2a4ho4VlCloJCvzPCR9a/","handler":"onTiJiao"}],"_N$transition":3,"transition":3,"_N$target":{"__id__":5}}],"_prefab":{"__type__":"cc.PrefabInfo","root":{"__id__":1},"asset":{"__uuid__":"7cbR0rLc9EA7ZUytz3tA+x"},"fileId":"16eEaNG0ZIHZMDSu4bDr1A"},"_contentSize":{"__type__":"cc.Size","width":160,"height":40},"_position":{"__type__":"cc.Vec3","x":594}},{"__type__":"cc.Node","_name":"New Node","_parent":{"__id__":5},"_level":3,"_components":[{"__type__":"cc.Label","node":{"__id__":6},"_materials":[{"__uuid__":"ecpdLyjvZBwrvm+cedCcQy"}],"_string":"提交","_N$string":"提交","_lineHeight":50,"_N$horizontalAlign":1,"_N$verticalAlign":1}],"_prefab":{"__type__":"cc.PrefabInfo","root":{"__id__":1},"asset":{"__uuid__":"7cbR0rLc9EA7ZUytz3tA+x"},"fileId":"abxVZxOf9EsZeMSDhvKKPs"},"_contentSize":{"__type__":"cc.Size","width":80,"height":63}}]]