[{"__type__":"cc.SpriteFrame","content":{"name":"jindu","texture":"141e5957a","rect":[3,2019,609,20],"offset":[0,0],"originalSize":[609,20],"capInsets":[0,0,0,0]}},[{"__type__":"cc.SceneAsset","_name":"Student","scene":{"__id__":1},"asyncLoadAssets":null},{"__type__":"cc.Scene","_name":"New Node","_children":[{"__id__":2},{"__id__":4}],"_active":false,"_anchorPoint":{"__type__":"cc.Vec2"},"autoReleaseAssets":false},{"__type__":"cc.Node","_name":"Canvas","_parent":{"__id__":1},"_children":[{"__id__":3}],"_level":1,"_components":[{"__type__":"cc.Canvas","node":{"__id__":2},"_designResolution":{"__type__":"cc.Size","width":1994,"height":1060},"_fitWidth":true,"_fitHeight":false},{"__type__":"df13ad6CdtFhp9uucAXsIC/","node":{"__id__":2}}],"_contentSize":{"__type__":"cc.Size","width":1994,"height":1060},"_position":{"__type__":"cc.Vec3","x":997,"y":530},"_id":"456P4xBRND65dVuHWU6ydJ"},{"__type__":"cc.Node","_name":"Main Camera","_parent":{"__id__":2},"_level":1,"_components":[{"__type__":"cc.Camera","node":{"__id__":3},"_clearFlags":7,"_depth":-1},{"__type__":"cc.Sprite","node":{"__id__":3},"_materials":[{"__uuid__":"ecpdLyjvZBwrvm+cedCcQy"}],"_spriteFrame":{"__uuid__":"76OlHWMbZC75J0XVSi3dgZ"},"_sizeMode":0}],"_contentSize":{"__type__":"cc.Size","width":1994,"height":1060}},{"__type__":"cc.Node","_name":"LoadingUI","_parent":{"__id__":1},"_children":[{"__id__":5},{"__id__":10},{"__id__":12}],"_level":1,"_components":[{"__type__":"cc.Sprite","node":{"__id__":4},"_materials":[{"__uuid__":"ecpdLyjvZBwrvm+cedCcQy"}],"_spriteFrame":{"__uuid__":"76OlHWMbZC75J0XVSi3dgZ"},"_sizeMode":0},{"__type__":"cc.Widget","node":{"__id__":4},"_alignFlags":45,"_originalWidth":750,"_originalHeight":1334},{"__type__":"cf8a66RO2hJWJN7q1dt4/zn","node":{"__id__":4},"progressBar":{"__id__":9},"progressLabel":{"__id__":11},"dragonNode":{"__id__":8}}],"_prefab":{"__type__":"cc.PrefabInfo","root":{"__id__":4},"asset":{"__uuid__":"adVmhm3HNEQZ9BVZjJwWCZ"},"fileId":"beh4p/g49N1YnOjMfrp2Oz"},"_contentSize":{"__type__":"cc.Size","width":1994,"height":1060},"_position":{"__type__":"cc.Vec3","x":997,"y":530},"_id":"e9nttGoi5GYLS8tA5kC9ov"},{"__type__":"cc.Node","_name":"New ProgressBar","_parent":{"__id__":4},"_children":[{"__id__":6},{"__id__":8}],"_level":2,"_components":[{"__type__":"cc.Sprite","node":{"__id__":5},"_materials":[{"__uuid__":"ecpdLyjvZBwrvm+cedCcQy"}],"_spriteFrame":{"__uuid__":"d2NAKKr7lPioV14lP40bo+"},"_type":1},{"__id__":9}],"_prefab":{"__type__":"cc.PrefabInfo","root":{"__id__":4},"asset":{"__uuid__":"adVmhm3HNEQZ9BVZjJwWCZ"},"fileId":"5btx/hR6tLz5cPKV+1OdJ2"},"_contentSize":{"__type__":"cc.Size","width":636,"height":46},"_position":{"__type__":"cc.Vec3","y":-333}},{"__type__":"cc.Node","_name":"bar","_parent":{"__id__":5},"_level":3,"_components":[{"__id__":7}],"_prefab":{"__type__":"cc.PrefabInfo","root":{"__id__":4},"asset":{"__uuid__":"adVmhm3HNEQZ9BVZjJwWCZ"},"fileId":"17Bi/vaElNmpJyPq3QoZzx"},"_contentSize":{"__type__":"cc.Size","height":20},"_anchorPoint":{"__type__":"cc.Vec2","y":0.5},"_position":{"__type__":"cc.Vec3","x":-304}},{"__type__":"cc.Sprite","node":{"__id__":6},"_materials":[{"__uuid__":"ecpdLyjvZBwrvm+cedCcQy"}],"_spriteFrame":{"__uuid__":"15xfMuKiJE1ajcG1rVTdzs"},"_type":1,"_sizeMode":0},{"__type__":"cc.Node","_name":"Loading","_parent":{"__id__":5},"_level":3,"_components":[{"__type__":"sp.Skeleton","node":{"__id__":8},"_materials":[{"__uuid__":"7a/QZLET9IDreTiBfRn2PD"}],"_preCacheMode":0,"_animationName":{"0":"i","1":"d","2":"l","3":"e"},"_N$skeletonData":{"__uuid__":"e3yb1aGZpADpPUnbsrvFzW"}}],"_prefab":{"__type__":"cc.PrefabInfo","root":{"__id__":4},"asset":{"__uuid__":"adVmhm3HNEQZ9BVZjJwWCZ"},"fileId":"f3dDZ0mI9JnYmbhDk4c0My"},"_contentSize":{"__type__":"cc.Size","width":108,"height":133},"_position":{"__type__":"cc.Vec3","x":-304,"y":23},"_scale":{"__type__":"cc.Vec3","x":0.4,"y":0.4,"z":0.4}},{"__type__":"cc.ProgressBar","node":{"__id__":5},"_N$totalLength":609,"_N$barSprite":{"__id__":7},"_N$progress":0},{"__type__":"cc.Node","_name":"New Label","_parent":{"__id__":4},"_level":2,"_components":[{"__id__":11}],"_prefab":{"__type__":"cc.PrefabInfo","root":{"__id__":4},"asset":{"__uuid__":"adVmhm3HNEQZ9BVZjJwWCZ"},"fileId":"d8ujShhRxPzq3py7u1wUb8"},"_color":{"__type__":"cc.Color"},"_contentSize":{"__type__":"cc.Size","width":43.36,"height":40.32},"_anchorPoint":{"__type__":"cc.Vec2","y":0.5},"_position":{"__type__":"cc.Vec3","x":324,"y":-331}},{"__type__":"cc.Label","node":{"__id__":10},"_materials":[{"__uuid__":"ecpdLyjvZBwrvm+cedCcQy"}],"_useOriginalSize":false,"_string":"0%","_N$string":"0%","_fontSize":30,"_lineHeight":32,"_N$horizontalAlign":1,"_N$verticalAlign":1},{"__type__":"cc.Node","_name":"New Node","_parent":{"__id__":4},"_level":2,"_components":[{"__type__":"sp.Skeleton","node":{"__id__":12},"_materials":[{"__uuid__":"7a/QZLET9IDreTiBfRn2PD"}],"defaultAnimation":"airship","_preCacheMode":0,"_animationName":"airship","_N$skeletonData":{"__uuid__":"56nbVzVIdNb55EEEyhselO"}}],"_prefab":{"__type__":"cc.PrefabInfo","root":{"__id__":4},"asset":{"__uuid__":"adVmhm3HNEQZ9BVZjJwWCZ"},"fileId":"8ciQGwDfpEdbozOofoGRAQ"},"_contentSize":{"__type__":"cc.Size","width":1402.15,"height":601.57},"_position":{"__type__":"cc.Vec3","y":-76}}],{"__type__":"cc.SpriteFrame","content":{"name":"singleColor","texture":"141e5957a","rect":[672,2019,2,2],"offset":[0,0],"originalSize":[2,2],"capInsets":[0,0,0,0]}},{"__type__":"cc.SpriteFrame","content":{"name":"jindu_bg","texture":"141e5957a","rect":[969,3,636,46],"offset":[0,0],"originalSize":[638,48],"rotated":1,"capInsets":[0,0,0,0]}}]