[{"__type__":"cc.SpriteFrame","content":{"name":"img_right","texture":"141e5957a","rect":[1177,435,148,66],"offset":[0,0],"originalSize":[148,66],"rotated":1,"capInsets":[0,0,0,0]}},[{"__type__":"cc.Prefab","_name":"subject_1","data":{"__id__":1}},{"__type__":"cc.Node","_name":"subject_1","_children":[{"__id__":2}],"_level":1,"_components":[{"__type__":"cc.Sprite","node":{"__id__":1},"_materials":[{"__uuid__":"ecpdLyjvZBwrvm+cedCcQy"}],"_spriteFrame":{"__uuid__":"beEslYFd9IxY2x61RN5FEK"},"_type":1,"_sizeMode":0}],"_prefab":{"__type__":"cc.PrefabInfo","root":{"__id__":1},"asset":{"__uuid__":"41lI/+qKRA6YMyfmdOZZOG"},"fileId":"2aF1Dt+rFGVpZvB9fSr5Y5"},"_contentSize":{"__type__":"cc.Size","width":623,"height":138},"_position":{"__type__":"cc.Vec3","y":172.893}},{"__type__":"cc.Node","_name":"layout","_parent":{"__id__":1},"_children":[{"__id__":3},{"__id__":4}],"_level":5,"_components":[{"__type__":"cc.Layout","node":{"__id__":2},"_enabled":false,"_layoutSize":{"__type__":"cc.Size","width":591,"height":138},"_resize":1,"_N$layoutType":1,"_N$spacingX":-5}],"_prefab":{"__type__":"cc.PrefabInfo","root":{"__id__":1},"asset":{"__uuid__":"41lI/+qKRA6YMyfmdOZZOG"},"fileId":"0ezqXQlMFOUrsRVb0eVGzS"},"_contentSize":{"__type__":"cc.Size","width":591,"height":138}},{"__type__":"cc.Node","_name":"subject_infor","_parent":{"__id__":2},"_level":6,"_components":[{"__type__":"cc.Label","node":{"__id__":3},"_materials":[{"__uuid__":"ecpdLyjvZBwrvm+cedCcQy"}],"_useOriginalSize":false,"_string":"方阵最外层每边有几个圈？","_N$string":"方阵最外层每边有几个圈？","_fontSize":38,"_lineHeight":48,"_N$verticalAlign":1}],"_prefab":{"__type__":"cc.PrefabInfo","root":{"__id__":1},"asset":{"__uuid__":"41lI/+qKRA6YMyfmdOZZOG"},"fileId":"70ZdxXDGZKz6SfrnTk4xQW"},"_color":{"__type__":"cc.Color","r":140,"g":63},"_contentSize":{"__type__":"cc.Size","width":456,"height":60.48},"_position":{"__type__":"cc.Vec3","x":-67.5}},{"__type__":"cc.Node","_name":"empty","_parent":{"__id__":2},"_children":[{"__id__":5},{"__id__":8},{"__id__":9}],"_level":6,"_components":[{"__type__":"cc.Sprite","node":{"__id__":4},"_materials":[{"__uuid__":"ecpdLyjvZBwrvm+cedCcQy"}],"_spriteFrame":{"__uuid__":"eb0VItdYpF/rDSCI3JxFuL"},"_type":1,"_sizeMode":0}],"_prefab":{"__type__":"cc.PrefabInfo","root":{"__id__":1},"asset":{"__uuid__":"41lI/+qKRA6YMyfmdOZZOG"},"fileId":"aa+pntfdZFP5s9sKtiKnkY"},"_contentSize":{"__type__":"cc.Size","width":140,"height":58},"_position":{"__type__":"cc.Vec3","x":225.5}},{"__type__":"cc.Node","_name":"layout","_parent":{"__id__":4},"_children":[{"__id__":6},{"__id__":7}],"_level":7,"_components":[{"__type__":"cc.Layout","node":{"__id__":5},"_layoutSize":{"__type__":"cc.Size","height":58},"_resize":1,"_N$layoutType":1}],"_prefab":{"__type__":"cc.PrefabInfo","root":{"__id__":1},"asset":{"__uuid__":"41lI/+qKRA6YMyfmdOZZOG"},"fileId":"2bmsUT3DlAw4mTyGxyaGWA"},"_contentSize":{"__type__":"cc.Size","height":58}},{"__type__":"cc.Node","_name":"Label","_parent":{"__id__":5},"_level":8,"_components":[{"__type__":"cc.Label","node":{"__id__":6},"_materials":[{"__uuid__":"ecpdLyjvZBwrvm+cedCcQy"}],"_useOriginalSize":false,"_fontSize":50,"_lineHeight":60,"_N$horizontalAlign":1,"_N$verticalAlign":1}],"_prefab":{"__type__":"cc.PrefabInfo","root":{"__id__":1},"asset":{"__uuid__":"41lI/+qKRA6YMyfmdOZZOG"},"fileId":"08D0mWTlRFPoh3Qv2wQG+o"},"_color":{"__type__":"cc.Color","r":190,"g":103,"b":55},"_contentSize":{"__type__":"cc.Size","height":75.6}},{"__type__":"cc.Node","_name":"sprite","_parent":{"__id__":5},"_active":false,"_level":8,"_components":[{"__type__":"cc.Sprite","node":{"__id__":7},"_materials":[{"__uuid__":"ecpdLyjvZBwrvm+cedCcQy"}],"_spriteFrame":{"__uuid__":"a2MjXRFdtLlYQ5ouAFv/+R"},"_sizeMode":0},{"__type__":"2a2028+n8RGnZLza9GaDmoc","node":{"__id__":7}}],"_prefab":{"__type__":"cc.PrefabInfo","root":{"__id__":1},"asset":{"__uuid__":"41lI/+qKRA6YMyfmdOZZOG"},"fileId":"e28NcxwlZHzK4Solf9g6dh"},"_color":{"__type__":"cc.Color","r":140,"g":63},"_contentSize":{"__type__":"cc.Size","width":4,"height":39}},{"__type__":"cc.Node","_name":"right","_parent":{"__id__":4},"_active":false,"_level":7,"_components":[{"__type__":"cc.Sprite","node":{"__id__":8},"_materials":[{"__uuid__":"ecpdLyjvZBwrvm+cedCcQy"}],"_spriteFrame":{"__uuid__":"14+Sz+tn1Ng5Ng5CBNhwBl"}}],"_prefab":{"__type__":"cc.PrefabInfo","root":{"__id__":1},"asset":{"__uuid__":"41lI/+qKRA6YMyfmdOZZOG"},"fileId":"e1GXH64QBJ+6mmHvEOa8Ni"},"_contentSize":{"__type__":"cc.Size","width":148,"height":66}},{"__type__":"cc.Node","_name":"error","_parent":{"__id__":4},"_active":false,"_level":7,"_components":[{"__type__":"cc.Sprite","node":{"__id__":9},"_materials":[{"__uuid__":"ecpdLyjvZBwrvm+cedCcQy"}],"_spriteFrame":{"__uuid__":"a0WG2jGZlF8aIOYsg/n3WQ"}}],"_prefab":{"__type__":"cc.PrefabInfo","root":{"__id__":1},"asset":{"__uuid__":"41lI/+qKRA6YMyfmdOZZOG"},"fileId":"0bI0iWoqtMlaxis366yEEH"},"_contentSize":{"__type__":"cc.Size","width":148,"height":66}}],{"__type__":"cc.SpriteFrame","content":{"name":"img_wrong","texture":"141e5957a","rect":[1178,645,148,66],"offset":[0,0],"originalSize":[148,66],"rotated":1,"capInsets":[0,0,0,0]}},{"__type__":"cc.SpriteFrame","content":{"name":"default_sprite_splash","texture":"02delMVqdBD70a/HSD99FK","rect":[0,0,2,2],"offset":[0,0],"originalSize":[2,2],"capInsets":[0,0,0,0]}},{"__type__":"cc.SpriteFrame","content":{"name":"bg_timu2","texture":"141e5957a","rect":[969,1784,100,104],"offset":[0,0],"originalSize":[100,104],"rotated":1,"capInsets":[30,30,30,37]}},{"__type__":"cc.SpriteFrame","content":{"name":"bg_kuang","texture":"141e5957a","rect":[1171,1481,80,58],"offset":[0,0],"originalSize":[80,58],"capInsets":[22,20,19,23]}}]